-- --------------------------------------------------------
-- Host:                         127.0.0.1
-- Server version:               5.7.33 - MySQL Community Server (GPL)
-- Server OS:                    Win64
-- HeidiSQL Version:             11.2.0.6213
-- --------------------------------------------------------

/*!40101 SET @OLD_CHARACTER_SET_CLIENT=@@CHARACTER_SET_CLIENT */;
/*!40101 SET NAMES utf8 */;
/*!50503 SET NAMES utf8mb4 */;
/*!40014 SET @OLD_FOREIGN_KEY_CHECKS=@@FOREIGN_KEY_CHECKS, FOREIGN_KEY_CHECKS=0 */;
/*!40101 SET @OLD_SQL_MODE=@@SQL_MODE, SQL_MODE='NO_AUTO_VALUE_ON_ZERO' */;
/*!40111 SET @OLD_SQL_NOTES=@@SQL_NOTES, SQL_NOTES=0 */;


-- Dumping database structure for praktikum_presensi
DROP DATABASE IF EXISTS `praktikum_presensi`;
CREATE DATABASE IF NOT EXISTS `praktikum_presensi` /*!40100 DEFAULT CHARACTER SET latin1 */;
USE `praktikum_presensi`;

-- Dumping structure for table praktikum_presensi.bagian
DROP TABLE IF EXISTS `bagian`;
CREATE TABLE IF NOT EXISTS `bagian` (
  `id` int(11) NOT NULL AUTO_INCREMENT,
  `nama_bagian` varchar(255) NOT NULL,
  `karyawan_id` int(11) NOT NULL,
  `lokasi_id` int(11) NOT NULL,
  PRIMARY KEY (`id`)
) ENGINE=InnoDB AUTO_INCREMENT=4 DEFAULT CHARSET=latin1;

-- Dumping data for table praktikum_presensi.bagian: ~3 rows (approximately)
DELETE FROM `bagian`;
/*!40000 ALTER TABLE `bagian` DISABLE KEYS */;
INSERT INTO `bagian` (`id`, `nama_bagian`, `karyawan_id`, `lokasi_id`) VALUES
	(1, 'Autentikasi', 5, 1),
	(2, 'Data Science', 3, 1),
	(3, 'Backend Developer', 6, 2);
/*!40000 ALTER TABLE `bagian` ENABLE KEYS */;

-- Dumping structure for table praktikum_presensi.bagian_karyawan
DROP TABLE IF EXISTS `bagian_karyawan`;
CREATE TABLE IF NOT EXISTS `bagian_karyawan` (
  `id` int(11) NOT NULL AUTO_INCREMENT,
  `bagian_id` int(11) NOT NULL,
  `karyawan_id` int(11) NOT NULL,
  `tanggal_mulai` date NOT NULL,
  PRIMARY KEY (`id`)
) ENGINE=InnoDB AUTO_INCREMENT=7 DEFAULT CHARSET=latin1;

-- Dumping data for table praktikum_presensi.bagian_karyawan: ~6 rows (approximately)
DELETE FROM `bagian_karyawan`;
/*!40000 ALTER TABLE `bagian_karyawan` DISABLE KEYS */;
INSERT INTO `bagian_karyawan` (`id`, `bagian_id`, `karyawan_id`, `tanggal_mulai`) VALUES
	(1, 1, 5, '2018-03-03'),
	(2, 2, 3, '2018-04-01'),
	(3, 3, 6, '2018-04-04'),
	(4, 1, 4, '2018-03-03'),
	(5, 2, 7, '2018-04-01'),
	(6, 3, 8, '2018-04-04');
/*!40000 ALTER TABLE `bagian_karyawan` ENABLE KEYS */;

-- Dumping structure for table praktikum_presensi.jabatan
DROP TABLE IF EXISTS `jabatan`;
CREATE TABLE IF NOT EXISTS `jabatan` (
  `id` int(11) NOT NULL AUTO_INCREMENT,
  `nama_jabatan` varchar(255) NOT NULL,
  `gapok_jabatan` double NOT NULL,
  `tunjangan_jabatan` double NOT NULL,
  `uang_makan_perhari` double NOT NULL,
  PRIMARY KEY (`id`)
) ENGINE=InnoDB AUTO_INCREMENT=11 DEFAULT CHARSET=latin1;

-- Dumping data for table praktikum_presensi.jabatan: ~4 rows (approximately)
DELETE FROM `jabatan`;
/*!40000 ALTER TABLE `jabatan` DISABLE KEYS */;
INSERT INTO `jabatan` (`id`, `nama_jabatan`, `gapok_jabatan`, `tunjangan_jabatan`, `uang_makan_perhari`) VALUES
	(1, 'System Analyst', 2400000, 500000, 40000),
	(2, 'Project Manager', 2300000, 450000, 38000),
	(3, 'Senior Programmer', 2200000, 400000, 36000),
	(4, 'Junior Programmer', 2100000, 350000, 34000),
	(5, 'Magang', 1000000, 100000, 20000),
	(6, 'PKL', 2400000, 500000, 40000);
/*!40000 ALTER TABLE `jabatan` ENABLE KEYS */;

-- Dumping structure for table praktikum_presensi.jabatan_karyawan
DROP TABLE IF EXISTS `jabatan_karyawan`;
CREATE TABLE IF NOT EXISTS `jabatan_karyawan` (
  `id` int(11) NOT NULL AUTO_INCREMENT,
  `jabatan_id` int(11) NOT NULL,
  `karyawan_id` int(11) NOT NULL,
  `tanggal_mulai` date NOT NULL,
  PRIMARY KEY (`id`)
) ENGINE=InnoDB AUTO_INCREMENT=18 DEFAULT CHARSET=latin1;

-- Dumping data for table praktikum_presensi.jabatan_karyawan: ~17 rows (approximately)
DELETE FROM `jabatan_karyawan`;
/*!40000 ALTER TABLE `jabatan_karyawan` DISABLE KEYS */;
INSERT INTO `jabatan_karyawan` (`id`, `jabatan_id`, `karyawan_id`, `tanggal_mulai`) VALUES
	(1, 5, 3, '2013-03-03'),
	(2, 4, 3, '2014-04-01'),
	(3, 5, 4, '2014-04-04'),
	(4, 3, 3, '2015-05-04'),
	(5, 4, 4, '2015-05-05'),
	(6, 5, 5, '2015-05-05'),
	(7, 2, 3, '2015-06-01'),
	(8, 3, 4, '2015-06-02'),
	(9, 4, 5, '2015-06-03'),
	(10, 5, 6, '2015-06-06'),
	(11, 1, 3, '2017-07-01'),
	(12, 2, 4, '2017-07-02'),
	(13, 3, 5, '2017-07-02'),
	(14, 4, 6, '2017-07-02'),
	(15, 5, 7, '2017-07-07'),
	(16, 4, 7, '2018-08-02'),
	(17, 5, 8, '2018-08-08');
/*!40000 ALTER TABLE `jabatan_karyawan` ENABLE KEYS */;

-- Dumping structure for table praktikum_presensi.karyawan
DROP TABLE IF EXISTS `karyawan`;
CREATE TABLE IF NOT EXISTS `karyawan` (
  `id` int(11) NOT NULL AUTO_INCREMENT,
  `nik` varchar(255) NOT NULL,
  `nama_lengkap` varchar(255) NOT NULL,
  `handphone` varchar(255) NOT NULL,
  `email` varchar(255) NOT NULL,
  `tanggal_masuk` date NOT NULL,
  `pengguna_id` int(11) DEFAULT NULL,
  PRIMARY KEY (`id`)
) ENGINE=InnoDB AUTO_INCREMENT=9 DEFAULT CHARSET=latin1;

-- Dumping data for table praktikum_presensi.karyawan: ~8 rows (approximately)
DELETE FROM `karyawan`;
/*!40000 ALTER TABLE `karyawan` DISABLE KEYS */;
INSERT INTO `karyawan` (`id`, `nik`, `nama_lengkap`, `handphone`, `email`, `tanggal_masuk`, `pengguna_id`) VALUES
	(1, '001', 'Admin', '08112011', 'admin@mail.com', '2011-01-01', 1),
	(2, '002', 'Tes User', '08112012', 'user@mail.com', '2012-02-02', 2),
	(3, '003', 'John Doe', '08112013', 'john@mail.com', '2013-03-03', 3),
	(4, '004', 'Fulan Bin Fulan', '08112014', 'fulan@mail.com', '2014-04-04', 4),
	(5, '005', 'Mawar Kurniani', '08112015', 'mawar@mail.com', '2015-05-05', 5),
	(6, '006', 'Melati Rahmawati', '08112016', 'melati@mail.com', '2016-06-06', 6),
	(7, '007', 'Dahlia Setiani', '08112017', 'dahlia@mail.com', '2017-07-07', 7),
	(8, '008', 'Lily Handayani', '08112018', 'lily@mail.com', '2018-08-08', 8);
/*!40000 ALTER TABLE `karyawan` ENABLE KEYS */;

-- Dumping structure for table praktikum_presensi.lokasi
DROP TABLE IF EXISTS `lokasi`;
CREATE TABLE IF NOT EXISTS `lokasi` (
  `id` int(11) NOT NULL AUTO_INCREMENT,
  `nama_lokasi` varchar(255) NOT NULL,
  PRIMARY KEY (`id`)
) ENGINE=InnoDB AUTO_INCREMENT=4 DEFAULT CHARSET=latin1;

-- Dumping data for table praktikum_presensi.lokasi: ~3 rows (approximately)
DELETE FROM `lokasi`;
/*!40000 ALTER TABLE `lokasi` DISABLE KEYS */;
INSERT INTO `lokasi` (`id`, `nama_lokasi`) VALUES
	(1, 'Kota Banjarmasin'),
	(2, 'Kota Banjarbaru'),
	(3, 'Kabupaten Banjar');
/*!40000 ALTER TABLE `lokasi` ENABLE KEYS */;

-- Dumping structure for table praktikum_presensi.penggajian
DROP TABLE IF EXISTS `penggajian`;
CREATE TABLE IF NOT EXISTS `penggajian` (
  `id` int(11) NOT NULL AUTO_INCREMENT,
  `karyawan_id` int(11) NOT NULL,
  `tahun` year(4) DEFAULT NULL,
  `bulan` char(2) DEFAULT NULL,
  `gapok` double DEFAULT NULL,
  `tunjangan` double DEFAULT NULL,
  `uang_makan` double DEFAULT NULL,
  PRIMARY KEY (`id`)
) ENGINE=InnoDB AUTO_INCREMENT=19 DEFAULT CHARSET=latin1;

-- Dumping data for table praktikum_presensi.penggajian: ~18 rows (approximately)
DELETE FROM `penggajian`;
/*!40000 ALTER TABLE `penggajian` DISABLE KEYS */;
INSERT INTO `penggajian` (`id`, `karyawan_id`, `tahun`, `bulan`, `gapok`, `tunjangan`, `uang_makan`) VALUES
	(1, 3, '2020', '11', 2400000, 500000, 800000),
	(2, 4, '2020', '11', 2300000, 450000, 684000),
	(3, 5, '2020', '11', 2200000, 400000, 684000),
	(4, 6, '2020', '11', 2100000, 350000, 640000),
	(5, 7, '2020', '11', 2100000, 350000, 612000),
	(6, 8, '2020', '11', 1000000, 100000, 380000),
	(7, 3, '2020', '12', 2400000, 500000, 800000),
	(8, 4, '2020', '12', 2300000, 450000, 722000),
	(9, 5, '2020', '12', 2200000, 400000, 720000),
	(10, 6, '2020', '12', 2100000, 350000, 680000),
	(11, 7, '2020', '12', 2100000, 350000, 646000),
	(12, 8, '2020', '12', 1000000, 100000, 360000),
	(13, 3, '2021', '01', 2400000, 500000, 800000),
	(14, 4, '2021', '01', 2300000, 450000, 722000),
	(15, 5, '2021', '01', 2200000, 400000, 612000),
	(16, 6, '2021', '01', 2100000, 350000, 680000),
	(17, 7, '2021', '01', 2100000, 350000, 646000),
	(18, 8, '2021', '01', 1000000, 100000, 340000);
/*!40000 ALTER TABLE `penggajian` ENABLE KEYS */;

-- Dumping structure for table praktikum_presensi.pengguna
DROP TABLE IF EXISTS `pengguna`;
CREATE TABLE IF NOT EXISTS `pengguna` (
  `id` int(11) NOT NULL AUTO_INCREMENT,
  `username` varchar(255) NOT NULL,
  `password` varchar(255) NOT NULL,
  `peran` enum('ADMIN','USER') DEFAULT NULL,
  `login_terakhir` timestamp NULL DEFAULT NULL,
  PRIMARY KEY (`id`)
) ENGINE=InnoDB AUTO_INCREMENT=17 DEFAULT CHARSET=latin1;

-- Dumping data for table praktikum_presensi.pengguna: ~8 rows (approximately)
DELETE FROM `pengguna`;
/*!40000 ALTER TABLE `pengguna` DISABLE KEYS */;
INSERT INTO `pengguna` (`id`, `username`, `password`, `peran`, `login_terakhir`) VALUES
	(1, 'admin', '21232f297a57a5a743894a0e4a801fc3', 'ADMIN', NULL),
	(2, 'user', 'ee11cbb19052e40b07aac0ca060c23ee', 'USER', NULL),
	(3, 'johndoe', '6579e96f76baa00787a28653876c6127', 'USER', NULL),
	(4, 'fulanbinfulan', '7c232f58f03f6d00c8d28166fbff7a8b', 'USER', NULL),
	(5, 'mawar', 'bd117502364227fd8c09098d31e11313', 'USER', NULL),
	(6, 'melati', '27e80ebc907bd57004986be9e6f2dd83', 'USER', NULL),
	(7, 'dahlia', 'ee11cbb19052e40b07aac0ca060c23ee', 'USER', NULL),
	(8, 'lily', '89f288757f4d0693c99b007855fc075e', 'USER', NULL);
/*!40000 ALTER TABLE `pengguna` ENABLE KEYS */;

-- Dumping structure for table praktikum_presensi.presensi
DROP TABLE IF EXISTS `presensi`;
CREATE TABLE IF NOT EXISTS `presensi` (
  `id` int(11) NOT NULL AUTO_INCREMENT,
  `karyawan_id` int(11) NOT NULL,
  `tanggal` date NOT NULL,
  `jam_masuk` time DEFAULT NULL,
  `jam_keluar` time DEFAULT NULL,
  `keterangan` enum('HADIR','SAKIT','IZIN','CUTI','AKHIR PEKAN','LIBUR NASIONAL','TANPA KETERANGAN') DEFAULT NULL,
  PRIMARY KEY (`id`)
) ENGINE=InnoDB AUTO_INCREMENT=1105 DEFAULT CHARSET=latin1;

-- Dumping data for table praktikum_presensi.presensi: ~1.104 rows (approximately)
DELETE FROM `presensi`;
/*!40000 ALTER TABLE `presensi` DISABLE KEYS */;
INSERT INTO `presensi` (`id`, `karyawan_id`, `tanggal`, `jam_masuk`, `jam_keluar`, `keterangan`) VALUES
	(1, 3, '2020-11-01', NULL, NULL, 'AKHIR PEKAN'),
	(2, 3, '2020-11-02', '08:00:00', '16:00:00', 'HADIR'),
	(3, 3, '2020-11-03', '08:00:00', '16:00:00', 'HADIR'),
	(4, 3, '2020-11-04', '08:00:00', '16:00:00', 'HADIR'),
	(5, 3, '2020-11-05', '08:00:00', '16:00:00', 'HADIR'),
	(6, 3, '2020-11-06', '08:00:00', '16:00:00', 'HADIR'),
	(7, 3, '2020-11-07', NULL, NULL, 'AKHIR PEKAN'),
	(8, 3, '2020-11-08', NULL, NULL, 'AKHIR PEKAN'),
	(9, 3, '2020-11-09', '08:00:00', '16:00:00', 'HADIR'),
	(10, 3, '2020-11-10', NULL, NULL, 'LIBUR NASIONAL'),
	(11, 3, '2020-11-11', '08:00:00', '16:00:00', 'HADIR'),
	(12, 3, '2020-11-12', '08:00:00', '16:00:00', 'HADIR'),
	(13, 3, '2020-11-13', '08:00:00', '16:00:00', 'HADIR'),
	(14, 3, '2020-11-14', NULL, NULL, 'AKHIR PEKAN'),
	(15, 3, '2020-11-15', NULL, NULL, 'AKHIR PEKAN'),
	(16, 3, '2020-11-16', '08:00:00', '16:00:00', 'HADIR'),
	(17, 3, '2020-11-17', '08:00:00', '16:00:00', 'HADIR'),
	(18, 3, '2020-11-18', '08:00:00', '16:00:00', 'HADIR'),
	(19, 3, '2020-11-19', '08:00:00', '16:00:00', 'HADIR'),
	(20, 3, '2020-11-20', '08:00:00', '16:00:00', 'HADIR'),
	(21, 3, '2020-11-21', NULL, NULL, 'AKHIR PEKAN'),
	(22, 3, '2020-11-22', NULL, NULL, 'AKHIR PEKAN'),
	(23, 3, '2020-11-23', '08:00:00', '16:00:00', 'HADIR'),
	(24, 3, '2020-11-24', '08:00:00', '16:00:00', 'HADIR'),
	(25, 3, '2020-11-25', '08:00:00', '16:00:00', 'HADIR'),
	(26, 3, '2020-11-26', '08:00:00', '16:00:00', 'HADIR'),
	(27, 3, '2020-11-27', '08:00:00', '16:00:00', 'HADIR'),
	(28, 3, '2020-11-28', NULL, NULL, 'AKHIR PEKAN'),
	(29, 3, '2020-11-29', NULL, NULL, 'AKHIR PEKAN'),
	(30, 3, '2020-11-30', '08:00:00', '16:00:00', 'HADIR'),
	(31, 3, '2020-12-01', '08:00:00', '16:00:00', 'HADIR'),
	(32, 3, '2020-12-02', '08:00:00', '16:00:00', 'HADIR'),
	(33, 3, '2020-12-03', '08:00:00', '16:00:00', 'HADIR'),
	(34, 3, '2020-12-04', '08:00:00', '16:00:00', 'HADIR'),
	(35, 3, '2020-12-05', NULL, NULL, 'AKHIR PEKAN'),
	(36, 3, '2020-12-06', NULL, NULL, 'AKHIR PEKAN'),
	(37, 3, '2020-12-07', '08:00:00', '16:00:00', 'HADIR'),
	(38, 3, '2020-12-08', '08:00:00', '16:00:00', 'HADIR'),
	(39, 3, '2020-12-09', NULL, NULL, 'LIBUR NASIONAL'),
	(40, 3, '2020-12-10', '08:00:00', '16:00:00', 'HADIR'),
	(41, 3, '2020-12-11', '08:00:00', '16:00:00', 'HADIR'),
	(42, 3, '2020-12-12', NULL, NULL, 'AKHIR PEKAN'),
	(43, 3, '2020-12-13', NULL, NULL, 'AKHIR PEKAN'),
	(44, 3, '2020-12-14', '08:00:00', '16:00:00', 'HADIR'),
	(45, 3, '2020-12-15', '08:00:00', '16:00:00', 'HADIR'),
	(46, 3, '2020-12-16', '08:00:00', '16:00:00', 'HADIR'),
	(47, 3, '2020-12-17', '08:00:00', '16:00:00', 'HADIR'),
	(48, 3, '2020-12-18', '08:00:00', '16:00:00', 'HADIR'),
	(49, 3, '2020-12-19', NULL, NULL, 'AKHIR PEKAN'),
	(50, 3, '2020-12-20', NULL, NULL, 'AKHIR PEKAN'),
	(51, 3, '2020-12-21', '08:00:00', '16:00:00', 'HADIR'),
	(52, 3, '2020-12-22', '08:00:00', '16:00:00', 'HADIR'),
	(53, 3, '2020-12-23', '08:00:00', '16:00:00', 'HADIR'),
	(54, 3, '2020-12-24', NULL, NULL, 'LIBUR NASIONAL'),
	(55, 3, '2020-12-25', NULL, NULL, 'LIBUR NASIONAL'),
	(56, 3, '2020-12-26', NULL, NULL, 'AKHIR PEKAN'),
	(57, 3, '2020-12-27', NULL, NULL, 'AKHIR PEKAN'),
	(58, 3, '2020-12-28', '08:00:00', '16:00:00', 'HADIR'),
	(59, 3, '2020-12-29', '08:00:00', '16:00:00', 'HADIR'),
	(60, 3, '2020-12-30', '08:00:00', '16:00:00', 'HADIR'),
	(61, 3, '2020-12-31', '08:00:00', '16:00:00', 'HADIR'),
	(62, 3, '2021-01-01', NULL, NULL, 'LIBUR NASIONAL'),
	(63, 3, '2021-01-02', NULL, NULL, 'AKHIR PEKAN'),
	(64, 3, '2021-01-03', NULL, NULL, 'AKHIR PEKAN'),
	(65, 3, '2021-01-04', '08:00:00', '16:00:00', 'HADIR'),
	(66, 3, '2021-01-05', '08:00:00', '16:00:00', 'HADIR'),
	(67, 3, '2021-01-06', '08:00:00', '16:00:00', 'HADIR'),
	(68, 3, '2021-01-07', '08:00:00', '16:00:00', 'HADIR'),
	(69, 3, '2021-01-08', '08:00:00', '16:00:00', 'HADIR'),
	(70, 3, '2021-01-09', NULL, NULL, 'AKHIR PEKAN'),
	(71, 3, '2021-01-10', NULL, NULL, 'AKHIR PEKAN'),
	(72, 3, '2021-01-11', '08:00:00', '16:00:00', 'HADIR'),
	(73, 3, '2021-01-12', '08:00:00', '16:00:00', 'HADIR'),
	(74, 3, '2021-01-13', '08:00:00', '16:00:00', 'HADIR'),
	(75, 3, '2021-01-14', '08:00:00', '16:00:00', 'HADIR'),
	(76, 3, '2021-01-15', '08:00:00', '16:00:00', 'HADIR'),
	(77, 3, '2021-01-16', NULL, NULL, 'AKHIR PEKAN'),
	(78, 3, '2021-01-17', NULL, NULL, 'AKHIR PEKAN'),
	(79, 3, '2021-01-18', '08:00:00', '16:00:00', 'HADIR'),
	(80, 3, '2021-01-19', '08:00:00', '16:00:00', 'HADIR'),
	(81, 3, '2021-01-20', '08:00:00', '16:00:00', 'HADIR'),
	(82, 3, '2021-01-21', '08:00:00', '16:00:00', 'HADIR'),
	(83, 3, '2021-01-22', '08:00:00', '16:00:00', 'HADIR'),
	(84, 3, '2021-01-23', NULL, NULL, 'AKHIR PEKAN'),
	(85, 3, '2021-01-24', NULL, NULL, 'AKHIR PEKAN'),
	(86, 3, '2021-01-25', '08:00:00', '16:00:00', 'HADIR'),
	(87, 3, '2021-01-26', '08:00:00', '16:00:00', 'HADIR'),
	(88, 3, '2021-01-27', '08:00:00', '16:00:00', 'HADIR'),
	(89, 3, '2021-01-28', '08:00:00', '16:00:00', 'HADIR'),
	(90, 3, '2021-01-29', '08:00:00', '16:00:00', 'HADIR'),
	(91, 3, '2021-01-30', NULL, NULL, 'AKHIR PEKAN'),
	(92, 3, '2021-01-31', NULL, NULL, 'AKHIR PEKAN'),
	(93, 4, '2020-11-01', NULL, NULL, 'AKHIR PEKAN'),
	(94, 4, '2020-11-02', '08:00:00', '16:00:00', 'HADIR'),
	(95, 4, '2020-11-03', '08:35:00', '16:00:00', 'HADIR'),
	(96, 4, '2020-11-04', NULL, NULL, 'SAKIT'),
	(97, 4, '2020-11-05', '08:00:00', '16:00:00', 'HADIR'),
	(98, 4, '2020-11-06', '08:00:00', '16:00:00', 'HADIR'),
	(99, 4, '2020-11-07', NULL, NULL, 'AKHIR PEKAN'),
	(100, 4, '2020-11-08', NULL, NULL, 'AKHIR PEKAN'),
	(101, 4, '2020-11-09', '08:00:00', '16:00:00', 'HADIR'),
	(102, 4, '2020-11-10', NULL, NULL, 'LIBUR NASIONAL'),
	(103, 4, '2020-11-11', '08:00:00', '16:00:00', 'HADIR'),
	(104, 4, '2020-11-12', '08:00:00', '16:00:00', 'HADIR'),
	(105, 4, '2020-11-13', '08:00:00', '16:00:00', 'HADIR'),
	(106, 4, '2020-11-14', NULL, NULL, 'AKHIR PEKAN'),
	(107, 4, '2020-11-15', NULL, NULL, 'AKHIR PEKAN'),
	(108, 4, '2020-11-16', '08:00:00', '16:00:00', 'HADIR'),
	(109, 4, '2020-11-17', '08:00:00', '16:00:00', 'HADIR'),
	(110, 4, '2020-11-18', '08:45:00', '16:00:00', 'HADIR'),
	(111, 4, '2020-11-19', NULL, NULL, 'IZIN'),
	(112, 4, '2020-11-20', '08:00:00', '16:00:00', 'HADIR'),
	(113, 4, '2020-11-21', NULL, NULL, 'AKHIR PEKAN'),
	(114, 4, '2020-11-22', NULL, NULL, 'AKHIR PEKAN'),
	(115, 4, '2020-11-23', '08:00:00', '16:00:00', 'HADIR'),
	(116, 4, '2020-11-24', '08:00:00', '16:00:00', 'HADIR'),
	(117, 4, '2020-11-25', '08:00:00', '16:00:00', 'HADIR'),
	(118, 4, '2020-11-26', '08:00:00', '16:00:00', 'HADIR'),
	(119, 4, '2020-11-27', '08:00:00', '16:00:00', 'HADIR'),
	(120, 4, '2020-11-28', NULL, NULL, 'AKHIR PEKAN'),
	(121, 4, '2020-11-29', NULL, NULL, 'AKHIR PEKAN'),
	(122, 4, '2020-11-30', '08:00:00', '16:00:00', 'HADIR'),
	(123, 4, '2020-12-01', '08:00:00', '16:00:00', 'HADIR'),
	(124, 4, '2020-12-02', '08:00:00', '16:00:00', 'HADIR'),
	(125, 4, '2020-12-03', '08:00:00', '16:00:00', 'HADIR'),
	(126, 4, '2020-12-04', '08:00:00', '16:00:00', 'HADIR'),
	(127, 4, '2020-12-05', NULL, NULL, 'AKHIR PEKAN'),
	(128, 4, '2020-12-06', NULL, NULL, 'AKHIR PEKAN'),
	(129, 4, '2020-12-07', '08:00:00', '16:00:00', 'HADIR'),
	(130, 4, '2020-12-08', '08:00:00', '16:00:00', 'HADIR'),
	(131, 4, '2020-12-09', NULL, NULL, 'LIBUR NASIONAL'),
	(132, 4, '2020-12-10', '08:00:00', '16:00:00', 'HADIR'),
	(133, 4, '2020-12-11', '08:00:00', '16:00:00', 'HADIR'),
	(134, 4, '2020-12-12', NULL, NULL, 'AKHIR PEKAN'),
	(135, 4, '2020-12-13', NULL, NULL, 'AKHIR PEKAN'),
	(136, 4, '2020-12-14', '08:00:00', '16:00:00', 'HADIR'),
	(137, 4, '2020-12-15', '08:00:00', '16:00:00', 'HADIR'),
	(138, 4, '2020-12-16', '08:00:00', '16:00:00', 'HADIR'),
	(139, 4, '2020-12-17', NULL, NULL, 'SAKIT'),
	(140, 4, '2020-12-18', '08:00:00', '16:00:00', 'HADIR'),
	(141, 4, '2020-12-19', NULL, NULL, 'AKHIR PEKAN'),
	(142, 4, '2020-12-20', NULL, NULL, 'AKHIR PEKAN'),
	(143, 4, '2020-12-21', '08:00:00', '16:00:00', 'HADIR'),
	(144, 4, '2020-12-22', '08:00:00', '16:00:00', 'HADIR'),
	(145, 4, '2020-12-23', '08:00:00', '16:00:00', 'HADIR'),
	(146, 4, '2020-12-24', NULL, NULL, 'LIBUR NASIONAL'),
	(147, 4, '2020-12-25', NULL, NULL, 'LIBUR NASIONAL'),
	(148, 4, '2020-12-26', NULL, NULL, 'AKHIR PEKAN'),
	(149, 4, '2020-12-27', NULL, NULL, 'AKHIR PEKAN'),
	(150, 4, '2020-12-28', '08:00:00', '16:00:00', 'HADIR'),
	(151, 4, '2020-12-29', '08:50:00', '16:00:00', 'HADIR'),
	(152, 4, '2020-12-30', '08:00:00', '16:00:00', 'HADIR'),
	(153, 4, '2020-12-31', '08:00:00', '16:00:00', 'HADIR'),
	(154, 4, '2021-01-01', NULL, NULL, 'LIBUR NASIONAL'),
	(155, 4, '2021-01-02', NULL, NULL, 'AKHIR PEKAN'),
	(156, 4, '2021-01-03', NULL, NULL, 'AKHIR PEKAN'),
	(157, 4, '2021-01-04', '08:00:00', '16:00:00', 'HADIR'),
	(158, 4, '2021-01-05', '08:00:00', '16:00:00', 'HADIR'),
	(159, 4, '2021-01-06', '08:00:00', '16:00:00', 'HADIR'),
	(160, 4, '2021-01-07', '08:00:00', '16:00:00', 'HADIR'),
	(161, 4, '2021-01-08', '08:00:00', '16:00:00', 'HADIR'),
	(162, 4, '2021-01-09', NULL, NULL, 'AKHIR PEKAN'),
	(163, 4, '2021-01-10', NULL, NULL, 'AKHIR PEKAN'),
	(164, 4, '2021-01-11', '08:00:00', '16:00:00', 'HADIR'),
	(165, 4, '2021-01-12', '08:00:00', '16:00:00', 'HADIR'),
	(166, 4, '2021-01-13', '08:00:00', '16:00:00', 'HADIR'),
	(167, 4, '2021-01-14', '08:00:00', '16:00:00', 'HADIR'),
	(168, 4, '2021-01-15', '08:00:00', '16:00:00', 'HADIR'),
	(169, 4, '2021-01-16', NULL, NULL, 'AKHIR PEKAN'),
	(170, 4, '2021-01-17', NULL, NULL, 'AKHIR PEKAN'),
	(171, 4, '2021-01-18', '08:00:00', '16:00:00', 'HADIR'),
	(172, 4, '2021-01-19', '08:00:00', '16:00:00', 'HADIR'),
	(173, 4, '2021-01-20', '08:00:00', '16:00:00', 'HADIR'),
	(174, 4, '2021-01-21', NULL, NULL, 'IZIN'),
	(175, 4, '2021-01-22', '08:00:00', '16:00:00', 'HADIR'),
	(176, 4, '2021-01-23', NULL, NULL, 'AKHIR PEKAN'),
	(177, 4, '2021-01-24', NULL, NULL, 'AKHIR PEKAN'),
	(178, 4, '2021-01-25', '08:00:00', '16:00:00', 'HADIR'),
	(179, 4, '2021-01-26', '08:00:00', '16:00:00', 'HADIR'),
	(180, 4, '2021-01-27', '08:40:00', '16:00:00', 'HADIR'),
	(181, 4, '2021-01-28', '08:00:00', '16:00:00', 'HADIR'),
	(182, 4, '2021-01-29', '08:00:00', '16:00:00', 'HADIR'),
	(183, 4, '2021-01-30', NULL, NULL, 'AKHIR PEKAN'),
	(184, 4, '2021-01-31', NULL, NULL, 'AKHIR PEKAN'),
	(185, 5, '2020-11-01', NULL, NULL, 'AKHIR PEKAN'),
	(186, 5, '2020-11-02', '08:00:00', '16:00:00', 'HADIR'),
	(187, 5, '2020-11-03', '08:00:00', '16:00:00', 'HADIR'),
	(188, 5, '2020-11-04', '08:00:00', '16:00:00', 'HADIR'),
	(189, 5, '2020-11-05', '08:00:00', '16:00:00', 'HADIR'),
	(190, 5, '2020-11-06', '08:35:00', '16:00:00', 'HADIR'),
	(191, 5, '2020-11-07', NULL, NULL, 'AKHIR PEKAN'),
	(192, 5, '2020-11-08', NULL, NULL, 'AKHIR PEKAN'),
	(193, 5, '2020-11-09', '08:00:00', '16:00:00', 'HADIR'),
	(194, 5, '2020-11-10', NULL, NULL, 'LIBUR NASIONAL'),
	(195, 5, '2020-11-11', '08:00:00', '16:00:00', 'HADIR'),
	(196, 5, '2020-11-12', '08:00:00', '16:00:00', 'HADIR'),
	(197, 5, '2020-11-13', '08:00:00', '16:00:00', 'HADIR'),
	(198, 5, '2020-11-14', NULL, NULL, 'AKHIR PEKAN'),
	(199, 5, '2020-11-15', NULL, NULL, 'AKHIR PEKAN'),
	(200, 5, '2020-11-16', '08:00:00', '16:00:00', 'HADIR'),
	(201, 5, '2020-11-17', '08:00:00', '16:00:00', 'HADIR'),
	(202, 5, '2020-11-18', '08:35:00', '16:00:00', 'HADIR'),
	(203, 5, '2020-11-19', '08:00:00', '16:00:00', 'HADIR'),
	(204, 5, '2020-11-20', '08:00:00', '16:00:00', 'HADIR'),
	(205, 5, '2020-11-21', NULL, NULL, 'AKHIR PEKAN'),
	(206, 5, '2020-11-22', NULL, NULL, 'AKHIR PEKAN'),
	(207, 5, '2020-11-23', '08:00:00', '16:00:00', 'HADIR'),
	(208, 5, '2020-11-24', '08:00:00', '16:00:00', 'HADIR'),
	(209, 5, '2020-11-25', NULL, NULL, 'SAKIT'),
	(210, 5, '2020-11-26', '08:00:00', '16:00:00', 'HADIR'),
	(211, 5, '2020-11-27', '08:00:00', '16:00:00', 'HADIR'),
	(212, 5, '2020-11-28', NULL, NULL, 'AKHIR PEKAN'),
	(213, 5, '2020-11-29', NULL, NULL, 'AKHIR PEKAN'),
	(214, 5, '2020-11-30', '08:00:00', '16:00:00', 'HADIR'),
	(215, 5, '2020-12-01', '08:00:00', '16:00:00', 'HADIR'),
	(216, 5, '2020-12-02', '08:00:00', '16:00:00', 'HADIR'),
	(217, 5, '2020-12-03', '08:00:00', '16:00:00', 'HADIR'),
	(218, 5, '2020-12-04', '08:00:00', '16:00:00', 'HADIR'),
	(219, 5, '2020-12-05', NULL, NULL, 'AKHIR PEKAN'),
	(220, 5, '2020-12-06', NULL, NULL, 'AKHIR PEKAN'),
	(221, 5, '2020-12-07', '08:00:00', '16:00:00', 'HADIR'),
	(222, 5, '2020-12-08', '08:00:00', '16:00:00', 'HADIR'),
	(223, 5, '2020-12-09', NULL, NULL, 'LIBUR NASIONAL'),
	(224, 5, '2020-12-10', '08:00:00', '16:00:00', 'HADIR'),
	(225, 5, '2020-12-11', '08:00:00', '16:00:00', 'HADIR'),
	(226, 5, '2020-12-12', NULL, NULL, 'AKHIR PEKAN'),
	(227, 5, '2020-12-13', NULL, NULL, 'AKHIR PEKAN'),
	(228, 5, '2020-12-14', '08:00:00', '16:00:00', 'HADIR'),
	(229, 5, '2020-12-15', '08:00:00', '16:00:00', 'HADIR'),
	(230, 5, '2020-12-16', '08:00:00', '16:00:00', 'HADIR'),
	(231, 5, '2020-12-17', '08:00:00', '16:00:00', 'HADIR'),
	(232, 5, '2020-12-18', '08:00:00', '16:00:00', 'HADIR'),
	(233, 5, '2020-12-19', NULL, NULL, 'AKHIR PEKAN'),
	(234, 5, '2020-12-20', NULL, NULL, 'AKHIR PEKAN'),
	(235, 5, '2020-12-21', '08:00:00', '16:00:00', 'HADIR'),
	(236, 5, '2020-12-22', '08:00:00', '16:00:00', 'HADIR'),
	(237, 5, '2020-12-23', '08:00:00', '16:00:00', 'HADIR'),
	(238, 5, '2020-12-24', NULL, NULL, 'LIBUR NASIONAL'),
	(239, 5, '2020-12-25', NULL, NULL, 'LIBUR NASIONAL'),
	(240, 5, '2020-12-26', NULL, NULL, 'AKHIR PEKAN'),
	(241, 5, '2020-12-27', NULL, NULL, 'AKHIR PEKAN'),
	(242, 5, '2020-12-28', '08:00:00', '16:00:00', 'HADIR'),
	(243, 5, '2020-12-29', '08:00:00', '16:00:00', 'HADIR'),
	(244, 5, '2020-12-30', '08:00:00', '16:00:00', 'HADIR'),
	(245, 5, '2020-12-31', '08:00:00', '16:00:00', 'HADIR'),
	(246, 5, '2021-01-01', NULL, NULL, 'LIBUR NASIONAL'),
	(247, 5, '2021-01-02', NULL, NULL, 'AKHIR PEKAN'),
	(248, 5, '2021-01-03', NULL, NULL, 'AKHIR PEKAN'),
	(249, 5, '2021-01-04', '08:00:00', '16:00:00', 'HADIR'),
	(250, 5, '2021-01-05', '08:00:00', '16:00:00', 'HADIR'),
	(251, 5, '2021-01-06', NULL, NULL, 'IZIN'),
	(252, 5, '2021-01-07', '08:00:00', '16:00:00', 'HADIR'),
	(253, 5, '2021-01-08', '08:00:00', '16:00:00', 'HADIR'),
	(254, 5, '2021-01-09', NULL, NULL, 'AKHIR PEKAN'),
	(255, 5, '2021-01-10', NULL, NULL, 'AKHIR PEKAN'),
	(256, 5, '2021-01-11', '08:00:00', '16:00:00', 'HADIR'),
	(257, 5, '2021-01-12', '08:00:00', '16:00:00', 'HADIR'),
	(258, 5, '2021-01-13', '08:00:00', '16:00:00', 'HADIR'),
	(259, 5, '2021-01-14', '08:00:00', '16:00:00', 'HADIR'),
	(260, 5, '2021-01-15', '08:00:00', '16:00:00', 'HADIR'),
	(261, 5, '2021-01-16', NULL, NULL, 'AKHIR PEKAN'),
	(262, 5, '2021-01-17', NULL, NULL, 'AKHIR PEKAN'),
	(263, 5, '2021-01-18', '08:00:00', '16:00:00', 'HADIR'),
	(264, 5, '2021-01-19', '08:00:00', '16:00:00', 'HADIR'),
	(265, 5, '2021-01-20', '08:00:00', '16:00:00', 'HADIR'),
	(266, 5, '2021-01-21', '08:00:00', '16:00:00', 'HADIR'),
	(267, 5, '2021-01-22', '08:00:00', '16:00:00', 'HADIR'),
	(268, 5, '2021-01-23', NULL, NULL, 'AKHIR PEKAN'),
	(269, 5, '2021-01-24', NULL, NULL, 'AKHIR PEKAN'),
	(270, 5, '2021-01-25', '08:00:00', '16:00:00', 'HADIR'),
	(271, 5, '2021-01-26', NULL, NULL, 'SAKIT'),
	(272, 5, '2021-01-27', NULL, NULL, 'SAKIT'),
	(273, 5, '2021-01-28', '08:00:00', '16:00:00', 'HADIR'),
	(274, 5, '2021-01-29', '08:00:00', '16:00:00', 'HADIR'),
	(275, 5, '2021-01-30', NULL, NULL, 'AKHIR PEKAN'),
	(276, 5, '2021-01-31', NULL, NULL, 'AKHIR PEKAN'),
	(277, 6, '2020-11-01', NULL, NULL, 'AKHIR PEKAN'),
	(278, 6, '2020-11-02', '08:00:00', '16:00:00', 'HADIR'),
	(279, 6, '2020-11-03', '08:00:00', '16:00:00', 'HADIR'),
	(280, 6, '2020-11-04', '08:00:00', '16:00:00', 'HADIR'),
	(281, 6, '2020-11-05', '08:00:00', '16:00:00', 'HADIR'),
	(282, 6, '2020-11-06', '08:00:00', '16:00:00', 'HADIR'),
	(283, 6, '2020-11-07', NULL, NULL, 'AKHIR PEKAN'),
	(284, 6, '2020-11-08', NULL, NULL, 'AKHIR PEKAN'),
	(285, 6, '2020-11-09', '08:00:00', '16:00:00', 'HADIR'),
	(286, 6, '2020-11-10', NULL, NULL, 'LIBUR NASIONAL'),
	(287, 6, '2020-11-11', '08:00:00', '16:00:00', 'HADIR'),
	(288, 6, '2020-11-12', '08:00:00', '16:00:00', 'HADIR'),
	(289, 6, '2020-11-13', '08:00:00', '16:00:00', 'HADIR'),
	(290, 6, '2020-11-14', NULL, NULL, 'AKHIR PEKAN'),
	(291, 6, '2020-11-15', NULL, NULL, 'AKHIR PEKAN'),
	(292, 6, '2020-11-16', '08:00:00', '16:00:00', 'HADIR'),
	(293, 6, '2020-11-17', '08:00:00', '16:00:00', 'HADIR'),
	(294, 6, '2020-11-18', '08:00:00', '16:00:00', 'HADIR'),
	(295, 6, '2020-11-19', '08:00:00', '16:00:00', 'HADIR'),
	(296, 6, '2020-11-20', '08:00:00', '16:00:00', 'HADIR'),
	(297, 6, '2020-11-21', NULL, NULL, 'AKHIR PEKAN'),
	(298, 6, '2020-11-22', NULL, NULL, 'AKHIR PEKAN'),
	(299, 6, '2020-11-23', '08:00:00', '16:00:00', 'HADIR'),
	(300, 6, '2020-11-24', '08:00:00', '16:00:00', 'HADIR'),
	(301, 6, '2020-11-25', '08:00:00', '16:00:00', 'HADIR'),
	(302, 6, '2020-11-26', '08:00:00', '16:00:00', 'HADIR'),
	(303, 6, '2020-11-27', '08:00:00', '16:00:00', 'HADIR'),
	(304, 6, '2020-11-28', NULL, NULL, 'AKHIR PEKAN'),
	(305, 6, '2020-11-29', NULL, NULL, 'AKHIR PEKAN'),
	(306, 6, '2020-11-30', '08:00:00', '16:00:00', 'HADIR'),
	(307, 6, '2020-12-01', '08:00:00', '16:00:00', 'HADIR'),
	(308, 6, '2020-12-02', '08:00:00', '16:00:00', 'HADIR'),
	(309, 6, '2020-12-03', '08:00:00', '16:00:00', 'HADIR'),
	(310, 6, '2020-12-04', '08:00:00', '16:00:00', 'HADIR'),
	(311, 6, '2020-12-05', NULL, NULL, 'AKHIR PEKAN'),
	(312, 6, '2020-12-06', NULL, NULL, 'AKHIR PEKAN'),
	(313, 6, '2020-12-07', '08:00:00', '16:00:00', 'HADIR'),
	(314, 6, '2020-12-08', '08:00:00', '16:00:00', 'HADIR'),
	(315, 6, '2020-12-09', NULL, NULL, 'LIBUR NASIONAL'),
	(316, 6, '2020-12-10', '08:00:00', '16:00:00', 'HADIR'),
	(317, 6, '2020-12-11', '08:00:00', '16:00:00', 'HADIR'),
	(318, 6, '2020-12-12', NULL, NULL, 'AKHIR PEKAN'),
	(319, 6, '2020-12-13', NULL, NULL, 'AKHIR PEKAN'),
	(320, 6, '2020-12-14', '08:00:00', '16:00:00', 'HADIR'),
	(321, 6, '2020-12-15', '08:00:00', '16:00:00', 'HADIR'),
	(322, 6, '2020-12-16', '08:00:00', '16:00:00', 'HADIR'),
	(323, 6, '2020-12-17', '08:00:00', '16:00:00', 'HADIR'),
	(324, 6, '2020-12-18', '08:00:00', '16:00:00', 'HADIR'),
	(325, 6, '2020-12-19', NULL, NULL, 'AKHIR PEKAN'),
	(326, 6, '2020-12-20', NULL, NULL, 'AKHIR PEKAN'),
	(327, 6, '2020-12-21', '08:00:00', '16:00:00', 'HADIR'),
	(328, 6, '2020-12-22', '08:00:00', '16:00:00', 'HADIR'),
	(329, 6, '2020-12-23', '08:00:00', '16:00:00', 'HADIR'),
	(330, 6, '2020-12-24', NULL, NULL, 'LIBUR NASIONAL'),
	(331, 6, '2020-12-25', NULL, NULL, 'LIBUR NASIONAL'),
	(332, 6, '2020-12-26', NULL, NULL, 'AKHIR PEKAN'),
	(333, 6, '2020-12-27', NULL, NULL, 'AKHIR PEKAN'),
	(334, 6, '2020-12-28', '08:00:00', '16:00:00', 'HADIR'),
	(335, 6, '2020-12-29', '08:00:00', '16:00:00', 'HADIR'),
	(336, 6, '2020-12-30', '08:00:00', '16:00:00', 'HADIR'),
	(337, 6, '2020-12-31', '08:00:00', '16:00:00', 'HADIR'),
	(338, 6, '2021-01-01', NULL, NULL, 'LIBUR NASIONAL'),
	(339, 6, '2021-01-02', NULL, NULL, 'AKHIR PEKAN'),
	(340, 6, '2021-01-03', NULL, NULL, 'AKHIR PEKAN'),
	(341, 6, '2021-01-04', '08:00:00', '16:00:00', 'HADIR'),
	(342, 6, '2021-01-05', '08:00:00', '16:00:00', 'HADIR'),
	(343, 6, '2021-01-06', '08:00:00', '16:00:00', 'HADIR'),
	(344, 6, '2021-01-07', '08:00:00', '16:00:00', 'HADIR'),
	(345, 6, '2021-01-08', '08:00:00', '16:00:00', 'HADIR'),
	(346, 6, '2021-01-09', NULL, NULL, 'AKHIR PEKAN'),
	(347, 6, '2021-01-10', NULL, NULL, 'AKHIR PEKAN'),
	(348, 6, '2021-01-11', '08:00:00', '16:00:00', 'HADIR'),
	(349, 6, '2021-01-12', '08:00:00', '16:00:00', 'HADIR'),
	(350, 6, '2021-01-13', '08:00:00', '16:00:00', 'HADIR'),
	(351, 6, '2021-01-14', '08:00:00', '16:00:00', 'HADIR'),
	(352, 6, '2021-01-15', '08:00:00', '16:00:00', 'HADIR'),
	(353, 6, '2021-01-16', NULL, NULL, 'AKHIR PEKAN'),
	(354, 6, '2021-01-17', NULL, NULL, 'AKHIR PEKAN'),
	(355, 6, '2021-01-18', '08:00:00', '16:00:00', 'HADIR'),
	(356, 6, '2021-01-19', '08:00:00', '16:00:00', 'HADIR'),
	(357, 6, '2021-01-20', '08:00:00', '16:00:00', 'HADIR'),
	(358, 6, '2021-01-21', '08:00:00', '16:00:00', 'HADIR'),
	(359, 6, '2021-01-22', '08:00:00', '16:00:00', 'HADIR'),
	(360, 6, '2021-01-23', NULL, NULL, 'AKHIR PEKAN'),
	(361, 6, '2021-01-24', NULL, NULL, 'AKHIR PEKAN'),
	(362, 6, '2021-01-25', '08:00:00', '16:00:00', 'HADIR'),
	(363, 6, '2021-01-26', '08:00:00', '16:00:00', 'HADIR'),
	(364, 6, '2021-01-27', '08:00:00', '16:00:00', 'HADIR'),
	(365, 6, '2021-01-28', '08:00:00', '16:00:00', 'HADIR'),
	(366, 6, '2021-01-29', '08:00:00', '16:00:00', 'HADIR'),
	(367, 6, '2021-01-30', NULL, NULL, 'AKHIR PEKAN'),
	(368, 6, '2021-01-31', NULL, NULL, 'AKHIR PEKAN'),
	(369, 7, '2020-11-01', NULL, NULL, 'AKHIR PEKAN'),
	(370, 7, '2020-11-02', '08:00:00', '16:00:00', 'HADIR'),
	(371, 7, '2020-11-03', '08:35:00', '16:00:00', 'HADIR'),
	(372, 7, '2020-11-04', NULL, NULL, 'SAKIT'),
	(373, 7, '2020-11-05', '08:00:00', '16:00:00', 'HADIR'),
	(374, 7, '2020-11-06', '08:00:00', '16:00:00', 'HADIR'),
	(375, 7, '2020-11-07', NULL, NULL, 'AKHIR PEKAN'),
	(376, 7, '2020-11-08', NULL, NULL, 'AKHIR PEKAN'),
	(377, 7, '2020-11-09', '08:00:00', '16:00:00', 'HADIR'),
	(378, 7, '2020-11-10', NULL, NULL, 'LIBUR NASIONAL'),
	(379, 7, '2020-11-11', '08:00:00', '16:00:00', 'HADIR'),
	(380, 7, '2020-11-12', '08:00:00', '16:00:00', 'HADIR'),
	(381, 7, '2020-11-13', '08:00:00', '16:00:00', 'HADIR'),
	(382, 7, '2020-11-14', NULL, NULL, 'AKHIR PEKAN'),
	(383, 7, '2020-11-15', NULL, NULL, 'AKHIR PEKAN'),
	(384, 7, '2020-11-16', '08:00:00', '16:00:00', 'HADIR'),
	(385, 7, '2020-11-17', '08:00:00', '16:00:00', 'HADIR'),
	(386, 7, '2020-11-18', '08:45:00', '16:00:00', 'HADIR'),
	(387, 7, '2020-11-19', NULL, NULL, 'IZIN'),
	(388, 7, '2020-11-20', '08:00:00', '16:00:00', 'HADIR'),
	(389, 7, '2020-11-21', NULL, NULL, 'AKHIR PEKAN'),
	(390, 7, '2020-11-22', NULL, NULL, 'AKHIR PEKAN'),
	(391, 7, '2020-11-23', '08:00:00', '16:00:00', 'HADIR'),
	(392, 7, '2020-11-24', '08:00:00', '16:00:00', 'HADIR'),
	(393, 7, '2020-11-25', '08:00:00', '16:00:00', 'HADIR'),
	(394, 7, '2020-11-26', '08:00:00', '16:00:00', 'HADIR'),
	(395, 7, '2020-11-27', '08:00:00', '16:00:00', 'HADIR'),
	(396, 7, '2020-11-28', NULL, NULL, 'AKHIR PEKAN'),
	(397, 7, '2020-11-29', NULL, NULL, 'AKHIR PEKAN'),
	(398, 7, '2020-11-30', '08:00:00', '16:00:00', 'HADIR'),
	(399, 7, '2020-12-01', '08:00:00', '16:00:00', 'HADIR'),
	(400, 7, '2020-12-02', '08:00:00', '16:00:00', 'HADIR'),
	(401, 7, '2020-12-03', '08:00:00', '16:00:00', 'HADIR'),
	(402, 7, '2020-12-04', '08:00:00', '16:00:00', 'HADIR'),
	(403, 7, '2020-12-05', NULL, NULL, 'AKHIR PEKAN'),
	(404, 7, '2020-12-06', NULL, NULL, 'AKHIR PEKAN'),
	(405, 7, '2020-12-07', '08:00:00', '16:00:00', 'HADIR'),
	(406, 7, '2020-12-08', '08:00:00', '16:00:00', 'HADIR'),
	(407, 7, '2020-12-09', NULL, NULL, 'LIBUR NASIONAL'),
	(408, 7, '2020-12-10', '08:00:00', '16:00:00', 'HADIR'),
	(409, 7, '2020-12-11', '08:00:00', '16:00:00', 'HADIR'),
	(410, 7, '2020-12-12', NULL, NULL, 'AKHIR PEKAN'),
	(411, 7, '2020-12-13', NULL, NULL, 'AKHIR PEKAN'),
	(412, 7, '2020-12-14', '08:00:00', '16:00:00', 'HADIR'),
	(413, 7, '2020-12-15', '08:00:00', '16:00:00', 'HADIR'),
	(414, 7, '2020-12-16', '08:00:00', '16:00:00', 'HADIR'),
	(415, 7, '2020-12-17', NULL, NULL, 'SAKIT'),
	(416, 7, '2020-12-18', '08:00:00', '16:00:00', 'HADIR'),
	(417, 7, '2020-12-19', NULL, NULL, 'AKHIR PEKAN'),
	(418, 7, '2020-12-20', NULL, NULL, 'AKHIR PEKAN'),
	(419, 7, '2020-12-21', '08:00:00', '16:00:00', 'HADIR'),
	(420, 7, '2020-12-22', '08:00:00', '16:00:00', 'HADIR'),
	(421, 7, '2020-12-23', '08:00:00', '16:00:00', 'HADIR'),
	(422, 7, '2020-12-24', NULL, NULL, 'LIBUR NASIONAL'),
	(423, 7, '2020-12-25', NULL, NULL, 'LIBUR NASIONAL'),
	(424, 7, '2020-12-26', NULL, NULL, 'AKHIR PEKAN'),
	(425, 7, '2020-12-27', NULL, NULL, 'AKHIR PEKAN'),
	(426, 7, '2020-12-28', '08:00:00', '16:00:00', 'HADIR'),
	(427, 7, '2020-12-29', '08:50:00', '16:00:00', 'HADIR'),
	(428, 7, '2020-12-30', '08:00:00', '16:00:00', 'HADIR'),
	(429, 7, '2020-12-31', '08:00:00', '16:00:00', 'HADIR'),
	(430, 7, '2021-01-01', NULL, NULL, 'LIBUR NASIONAL'),
	(431, 7, '2021-01-02', NULL, NULL, 'AKHIR PEKAN'),
	(432, 7, '2021-01-03', NULL, NULL, 'AKHIR PEKAN'),
	(433, 7, '2021-01-04', '08:55:00', '16:00:00', 'HADIR'),
	(434, 7, '2021-01-05', '08:00:00', '16:00:00', 'HADIR'),
	(435, 7, '2021-01-06', '08:00:00', '16:00:00', 'HADIR'),
	(436, 7, '2021-01-07', '08:00:00', '16:00:00', 'HADIR'),
	(437, 7, '2021-01-08', '08:00:00', '16:00:00', 'HADIR'),
	(438, 7, '2021-01-09', NULL, NULL, 'AKHIR PEKAN'),
	(439, 7, '2021-01-10', NULL, NULL, 'AKHIR PEKAN'),
	(440, 7, '2021-01-11', '08:00:00', '16:00:00', 'HADIR'),
	(441, 7, '2021-01-12', '08:00:00', '16:00:00', 'HADIR'),
	(442, 7, '2021-01-13', '08:00:00', '16:00:00', 'HADIR'),
	(443, 7, '2021-01-14', '08:00:00', '16:00:00', 'HADIR'),
	(444, 7, '2021-01-15', '08:00:00', '16:00:00', 'HADIR'),
	(445, 7, '2021-01-16', NULL, NULL, 'AKHIR PEKAN'),
	(446, 7, '2021-01-17', NULL, NULL, 'AKHIR PEKAN'),
	(447, 7, '2021-01-18', '08:00:00', '16:00:00', 'HADIR'),
	(448, 7, '2021-01-19', '08:00:00', '16:00:00', 'HADIR'),
	(449, 7, '2021-01-20', '08:00:00', '16:00:00', 'HADIR'),
	(450, 7, '2021-01-21', NULL, NULL, 'IZIN'),
	(451, 7, '2021-01-22', '08:00:00', '16:00:00', 'HADIR'),
	(452, 7, '2021-01-23', NULL, NULL, 'AKHIR PEKAN'),
	(453, 7, '2021-01-24', NULL, NULL, 'AKHIR PEKAN'),
	(454, 7, '2021-01-25', '08:00:00', '16:00:00', 'HADIR'),
	(455, 7, '2021-01-26', '08:00:00', '16:00:00', 'HADIR'),
	(456, 7, '2021-01-27', '08:40:00', '16:00:00', 'HADIR'),
	(457, 7, '2021-01-28', '08:00:00', '16:00:00', 'HADIR'),
	(458, 7, '2021-01-29', '08:00:00', '16:00:00', 'HADIR'),
	(459, 7, '2021-01-30', NULL, NULL, 'AKHIR PEKAN'),
	(460, 7, '2021-01-31', NULL, NULL, 'AKHIR PEKAN'),
	(461, 8, '2020-11-01', NULL, NULL, 'AKHIR PEKAN'),
	(462, 8, '2020-11-02', '08:00:00', '16:00:00', 'HADIR'),
	(463, 8, '2020-11-03', '08:00:00', '16:00:00', 'HADIR'),
	(464, 8, '2020-11-04', '08:00:00', '16:00:00', 'HADIR'),
	(465, 8, '2020-11-05', '08:00:00', '16:00:00', 'HADIR'),
	(466, 8, '2020-11-06', '08:35:00', '16:00:00', 'HADIR'),
	(467, 8, '2020-11-07', NULL, NULL, 'AKHIR PEKAN'),
	(468, 8, '2020-11-08', NULL, NULL, 'AKHIR PEKAN'),
	(469, 8, '2020-11-09', '08:00:00', '16:00:00', 'HADIR'),
	(470, 8, '2020-11-10', NULL, NULL, 'LIBUR NASIONAL'),
	(471, 8, '2020-11-11', '08:00:00', '16:00:00', 'HADIR'),
	(472, 8, '2020-11-12', '08:00:00', '16:00:00', 'HADIR'),
	(473, 8, '2020-11-13', '08:00:00', '16:00:00', 'HADIR'),
	(474, 8, '2020-11-14', NULL, NULL, 'AKHIR PEKAN'),
	(475, 8, '2020-11-15', NULL, NULL, 'AKHIR PEKAN'),
	(476, 8, '2020-11-16', '08:00:00', '16:00:00', 'HADIR'),
	(477, 8, '2020-11-17', '08:00:00', '16:00:00', 'HADIR'),
	(478, 8, '2020-11-18', '08:35:00', '16:00:00', 'HADIR'),
	(479, 8, '2020-11-19', '08:00:00', '16:00:00', 'HADIR'),
	(480, 8, '2020-11-20', '08:00:00', '16:00:00', 'HADIR'),
	(481, 8, '2020-11-21', NULL, NULL, 'AKHIR PEKAN'),
	(482, 8, '2020-11-22', NULL, NULL, 'AKHIR PEKAN'),
	(483, 8, '2020-11-23', '08:00:00', '16:00:00', 'HADIR'),
	(484, 8, '2020-11-24', '08:00:00', '16:00:00', 'HADIR'),
	(485, 8, '2020-11-25', NULL, NULL, 'IZIN'),
	(486, 8, '2020-11-26', '08:00:00', '16:00:00', 'HADIR'),
	(487, 8, '2020-11-27', '08:00:00', '16:00:00', 'HADIR'),
	(488, 8, '2020-11-28', NULL, NULL, 'AKHIR PEKAN'),
	(489, 8, '2020-11-29', NULL, NULL, 'AKHIR PEKAN'),
	(490, 8, '2020-11-30', '08:00:00', '16:00:00', 'HADIR'),
	(491, 8, '2020-12-01', '08:00:00', '16:00:00', 'HADIR'),
	(492, 8, '2020-12-02', NULL, NULL, 'CUTI'),
	(493, 8, '2020-12-03', NULL, NULL, 'CUTI'),
	(494, 8, '2020-12-04', '08:00:00', '16:00:00', 'HADIR'),
	(495, 8, '2020-12-05', NULL, NULL, 'AKHIR PEKAN'),
	(496, 8, '2020-12-06', NULL, NULL, 'AKHIR PEKAN'),
	(497, 8, '2020-12-07', '08:00:00', '16:00:00', 'HADIR'),
	(498, 8, '2020-12-08', '08:00:00', '16:00:00', 'HADIR'),
	(499, 8, '2020-12-09', NULL, NULL, 'LIBUR NASIONAL'),
	(500, 8, '2020-12-10', '08:00:00', '16:00:00', 'HADIR'),
	(501, 8, '2020-12-11', '08:00:00', '16:00:00', 'HADIR'),
	(502, 8, '2020-12-12', NULL, NULL, 'AKHIR PEKAN'),
	(503, 8, '2020-12-13', NULL, NULL, 'AKHIR PEKAN'),
	(504, 8, '2020-12-14', '08:37:00', '16:00:00', 'HADIR'),
	(505, 8, '2020-12-15', '08:00:00', '16:00:00', 'HADIR'),
	(506, 8, '2020-12-16', '08:00:00', '16:00:00', 'HADIR'),
	(507, 8, '2020-12-17', '08:00:00', '16:00:00', 'HADIR'),
	(508, 8, '2020-12-18', '08:00:00', '16:00:00', 'HADIR'),
	(509, 8, '2020-12-19', NULL, NULL, 'AKHIR PEKAN'),
	(510, 8, '2020-12-20', NULL, NULL, 'AKHIR PEKAN'),
	(511, 8, '2020-12-21', '08:00:00', '16:00:00', 'HADIR'),
	(512, 8, '2020-12-22', '08:00:00', '16:00:00', 'HADIR'),
	(513, 8, '2020-12-23', '08:00:00', '16:00:00', 'HADIR'),
	(514, 8, '2020-12-24', NULL, NULL, 'LIBUR NASIONAL'),
	(515, 8, '2020-12-25', NULL, NULL, 'LIBUR NASIONAL'),
	(516, 8, '2020-12-26', NULL, NULL, 'AKHIR PEKAN'),
	(517, 8, '2020-12-27', NULL, NULL, 'AKHIR PEKAN'),
	(518, 8, '2020-12-28', '08:00:00', '16:00:00', 'HADIR'),
	(519, 8, '2020-12-29', '08:00:00', '16:00:00', 'HADIR'),
	(520, 8, '2020-12-30', '08:35:00', '16:00:00', 'HADIR'),
	(521, 8, '2020-12-31', '08:00:00', '16:00:00', 'HADIR'),
	(522, 8, '2021-01-01', NULL, NULL, 'LIBUR NASIONAL'),
	(523, 8, '2021-01-02', NULL, NULL, 'AKHIR PEKAN'),
	(524, 8, '2021-01-03', NULL, NULL, 'AKHIR PEKAN'),
	(525, 8, '2021-01-04', '08:00:00', '16:00:00', 'HADIR'),
	(526, 8, '2021-01-05', '08:00:00', '16:00:00', 'HADIR'),
	(527, 8, '2021-01-06', NULL, NULL, 'IZIN'),
	(528, 8, '2021-01-07', '08:00:00', '16:00:00', 'HADIR'),
	(529, 8, '2021-01-08', '08:00:00', '16:00:00', 'HADIR'),
	(530, 8, '2021-01-09', NULL, NULL, 'AKHIR PEKAN'),
	(531, 8, '2021-01-10', NULL, NULL, 'AKHIR PEKAN'),
	(532, 8, '2021-01-11', '08:00:00', '16:00:00', 'HADIR'),
	(533, 8, '2021-01-12', '08:00:00', '16:00:00', 'HADIR'),
	(534, 8, '2021-01-13', '08:00:00', '16:00:00', 'HADIR'),
	(535, 8, '2021-01-14', '08:00:00', '16:00:00', 'HADIR'),
	(536, 8, '2021-01-15', '08:00:00', '16:00:00', 'HADIR'),
	(537, 8, '2021-01-16', NULL, NULL, 'AKHIR PEKAN'),
	(538, 8, '2021-01-17', NULL, NULL, 'AKHIR PEKAN'),
	(539, 8, '2021-01-18', '08:00:00', '16:00:00', 'HADIR'),
	(540, 8, '2021-01-19', '08:00:00', '16:00:00', 'HADIR'),
	(541, 8, '2021-01-20', '08:00:00', '16:00:00', 'HADIR'),
	(542, 8, '2021-01-21', '08:00:00', '16:00:00', 'HADIR'),
	(543, 8, '2021-01-22', '08:00:00', '16:00:00', 'HADIR'),
	(544, 8, '2021-01-23', NULL, NULL, 'AKHIR PEKAN'),
	(545, 8, '2021-01-24', NULL, NULL, 'AKHIR PEKAN'),
	(546, 8, '2021-01-25', '08:00:00', '16:00:00', 'HADIR'),
	(547, 8, '2021-01-26', NULL, NULL, 'SAKIT'),
	(548, 8, '2021-01-27', NULL, NULL, 'SAKIT'),
	(549, 8, '2021-01-28', '08:00:00', '16:00:00', 'HADIR'),
	(550, 8, '2021-01-29', '08:00:00', '16:00:00', 'HADIR'),
	(551, 8, '2021-01-30', NULL, NULL, 'AKHIR PEKAN'),
	(552, 8, '2021-01-31', NULL, NULL, 'AKHIR PEKAN'),
	(553, 3, '2020-11-01', NULL, NULL, 'AKHIR PEKAN'),
	(554, 3, '2020-11-02', '08:00:00', '16:00:00', 'HADIR'),
	(555, 3, '2020-11-03', '08:00:00', '16:00:00', 'HADIR'),
	(556, 3, '2020-11-04', '08:00:00', '16:00:00', 'HADIR'),
	(557, 3, '2020-11-05', '08:00:00', '16:00:00', 'HADIR'),
	(558, 3, '2020-11-06', '08:00:00', '16:00:00', 'HADIR'),
	(559, 3, '2020-11-07', NULL, NULL, 'AKHIR PEKAN'),
	(560, 3, '2020-11-08', NULL, NULL, 'AKHIR PEKAN'),
	(561, 3, '2020-11-09', '08:00:00', '16:00:00', 'HADIR'),
	(562, 3, '2020-11-10', NULL, NULL, 'LIBUR NASIONAL'),
	(563, 3, '2020-11-11', '08:00:00', '16:00:00', 'HADIR'),
	(564, 3, '2020-11-12', '08:00:00', '16:00:00', 'HADIR'),
	(565, 3, '2020-11-13', '08:00:00', '16:00:00', 'HADIR'),
	(566, 3, '2020-11-14', NULL, NULL, 'AKHIR PEKAN'),
	(567, 3, '2020-11-15', NULL, NULL, 'AKHIR PEKAN'),
	(568, 3, '2020-11-16', '08:00:00', '16:00:00', 'HADIR'),
	(569, 3, '2020-11-17', '08:00:00', '16:00:00', 'HADIR'),
	(570, 3, '2020-11-18', '08:00:00', '16:00:00', 'HADIR'),
	(571, 3, '2020-11-19', '08:00:00', '16:00:00', 'HADIR'),
	(572, 3, '2020-11-20', '08:00:00', '16:00:00', 'HADIR'),
	(573, 3, '2020-11-21', NULL, NULL, 'AKHIR PEKAN'),
	(574, 3, '2020-11-22', NULL, NULL, 'AKHIR PEKAN'),
	(575, 3, '2020-11-23', '08:00:00', '16:00:00', 'HADIR'),
	(576, 3, '2020-11-24', '08:00:00', '16:00:00', 'HADIR'),
	(577, 3, '2020-11-25', '08:00:00', '16:00:00', 'HADIR'),
	(578, 3, '2020-11-26', '08:00:00', '16:00:00', 'HADIR'),
	(579, 3, '2020-11-27', '08:00:00', '16:00:00', 'HADIR'),
	(580, 3, '2020-11-28', NULL, NULL, 'AKHIR PEKAN'),
	(581, 3, '2020-11-29', NULL, NULL, 'AKHIR PEKAN'),
	(582, 3, '2020-11-30', '08:00:00', '16:00:00', 'HADIR'),
	(583, 3, '2020-12-01', '08:00:00', '16:00:00', 'HADIR'),
	(584, 3, '2020-12-02', '08:00:00', '16:00:00', 'HADIR'),
	(585, 3, '2020-12-03', '08:00:00', '16:00:00', 'HADIR'),
	(586, 3, '2020-12-04', '08:00:00', '16:00:00', 'HADIR'),
	(587, 3, '2020-12-05', NULL, NULL, 'AKHIR PEKAN'),
	(588, 3, '2020-12-06', NULL, NULL, 'AKHIR PEKAN'),
	(589, 3, '2020-12-07', '08:00:00', '16:00:00', 'HADIR'),
	(590, 3, '2020-12-08', '08:00:00', '16:00:00', 'HADIR'),
	(591, 3, '2020-12-09', NULL, NULL, 'LIBUR NASIONAL'),
	(592, 3, '2020-12-10', '08:00:00', '16:00:00', 'HADIR'),
	(593, 3, '2020-12-11', '08:00:00', '16:00:00', 'HADIR'),
	(594, 3, '2020-12-12', NULL, NULL, 'AKHIR PEKAN'),
	(595, 3, '2020-12-13', NULL, NULL, 'AKHIR PEKAN'),
	(596, 3, '2020-12-14', '08:00:00', '16:00:00', 'HADIR'),
	(597, 3, '2020-12-15', '08:00:00', '16:00:00', 'HADIR'),
	(598, 3, '2020-12-16', '08:00:00', '16:00:00', 'HADIR'),
	(599, 3, '2020-12-17', '08:00:00', '16:00:00', 'HADIR'),
	(600, 3, '2020-12-18', '08:00:00', '16:00:00', 'HADIR'),
	(601, 3, '2020-12-19', NULL, NULL, 'AKHIR PEKAN'),
	(602, 3, '2020-12-20', NULL, NULL, 'AKHIR PEKAN'),
	(603, 3, '2020-12-21', '08:00:00', '16:00:00', 'HADIR'),
	(604, 3, '2020-12-22', '08:00:00', '16:00:00', 'HADIR'),
	(605, 3, '2020-12-23', '08:00:00', '16:00:00', 'HADIR'),
	(606, 3, '2020-12-24', NULL, NULL, 'LIBUR NASIONAL'),
	(607, 3, '2020-12-25', NULL, NULL, 'LIBUR NASIONAL'),
	(608, 3, '2020-12-26', NULL, NULL, 'AKHIR PEKAN'),
	(609, 3, '2020-12-27', NULL, NULL, 'AKHIR PEKAN'),
	(610, 3, '2020-12-28', '08:00:00', '16:00:00', 'HADIR'),
	(611, 3, '2020-12-29', '08:00:00', '16:00:00', 'HADIR'),
	(612, 3, '2020-12-30', '08:00:00', '16:00:00', 'HADIR'),
	(613, 3, '2020-12-31', '08:00:00', '16:00:00', 'HADIR'),
	(614, 3, '2021-01-01', NULL, NULL, 'LIBUR NASIONAL'),
	(615, 3, '2021-01-02', NULL, NULL, 'AKHIR PEKAN'),
	(616, 3, '2021-01-03', NULL, NULL, 'AKHIR PEKAN'),
	(617, 3, '2021-01-04', '08:00:00', '16:00:00', 'HADIR'),
	(618, 3, '2021-01-05', '08:00:00', '16:00:00', 'HADIR'),
	(619, 3, '2021-01-06', '08:00:00', '16:00:00', 'HADIR'),
	(620, 3, '2021-01-07', '08:00:00', '16:00:00', 'HADIR'),
	(621, 3, '2021-01-08', '08:00:00', '16:00:00', 'HADIR'),
	(622, 3, '2021-01-09', NULL, NULL, 'AKHIR PEKAN'),
	(623, 3, '2021-01-10', NULL, NULL, 'AKHIR PEKAN'),
	(624, 3, '2021-01-11', '08:00:00', '16:00:00', 'HADIR'),
	(625, 3, '2021-01-12', '08:00:00', '16:00:00', 'HADIR'),
	(626, 3, '2021-01-13', '08:00:00', '16:00:00', 'HADIR'),
	(627, 3, '2021-01-14', '08:00:00', '16:00:00', 'HADIR'),
	(628, 3, '2021-01-15', '08:00:00', '16:00:00', 'HADIR'),
	(629, 3, '2021-01-16', NULL, NULL, 'AKHIR PEKAN'),
	(630, 3, '2021-01-17', NULL, NULL, 'AKHIR PEKAN'),
	(631, 3, '2021-01-18', '08:00:00', '16:00:00', 'HADIR'),
	(632, 3, '2021-01-19', '08:00:00', '16:00:00', 'HADIR'),
	(633, 3, '2021-01-20', '08:00:00', '16:00:00', 'HADIR'),
	(634, 3, '2021-01-21', '08:00:00', '16:00:00', 'HADIR'),
	(635, 3, '2021-01-22', '08:00:00', '16:00:00', 'HADIR'),
	(636, 3, '2021-01-23', NULL, NULL, 'AKHIR PEKAN'),
	(637, 3, '2021-01-24', NULL, NULL, 'AKHIR PEKAN'),
	(638, 3, '2021-01-25', '08:00:00', '16:00:00', 'HADIR'),
	(639, 3, '2021-01-26', '08:00:00', '16:00:00', 'HADIR'),
	(640, 3, '2021-01-27', '08:00:00', '16:00:00', 'HADIR'),
	(641, 3, '2021-01-28', '08:00:00', '16:00:00', 'HADIR'),
	(642, 3, '2021-01-29', '08:00:00', '16:00:00', 'HADIR'),
	(643, 3, '2021-01-30', NULL, NULL, 'AKHIR PEKAN'),
	(644, 3, '2021-01-31', NULL, NULL, 'AKHIR PEKAN'),
	(645, 4, '2020-11-01', NULL, NULL, 'AKHIR PEKAN'),
	(646, 4, '2020-11-02', '08:00:00', '16:00:00', 'HADIR'),
	(647, 4, '2020-11-03', '08:35:00', '16:00:00', 'HADIR'),
	(648, 4, '2020-11-04', NULL, NULL, 'SAKIT'),
	(649, 4, '2020-11-05', '08:00:00', '16:00:00', 'HADIR'),
	(650, 4, '2020-11-06', '08:00:00', '16:00:00', 'HADIR'),
	(651, 4, '2020-11-07', NULL, NULL, 'AKHIR PEKAN'),
	(652, 4, '2020-11-08', NULL, NULL, 'AKHIR PEKAN'),
	(653, 4, '2020-11-09', '08:00:00', '16:00:00', 'HADIR'),
	(654, 4, '2020-11-10', NULL, NULL, 'LIBUR NASIONAL'),
	(655, 4, '2020-11-11', '08:00:00', '16:00:00', 'HADIR'),
	(656, 4, '2020-11-12', '08:00:00', '16:00:00', 'HADIR'),
	(657, 4, '2020-11-13', '08:00:00', '16:00:00', 'HADIR'),
	(658, 4, '2020-11-14', NULL, NULL, 'AKHIR PEKAN'),
	(659, 4, '2020-11-15', NULL, NULL, 'AKHIR PEKAN'),
	(660, 4, '2020-11-16', '08:00:00', '16:00:00', 'HADIR'),
	(661, 4, '2020-11-17', '08:00:00', '16:00:00', 'HADIR'),
	(662, 4, '2020-11-18', '08:45:00', '16:00:00', 'HADIR'),
	(663, 4, '2020-11-19', NULL, NULL, 'IZIN'),
	(664, 4, '2020-11-20', '08:00:00', '16:00:00', 'HADIR'),
	(665, 4, '2020-11-21', NULL, NULL, 'AKHIR PEKAN'),
	(666, 4, '2020-11-22', NULL, NULL, 'AKHIR PEKAN'),
	(667, 4, '2020-11-23', '08:00:00', '16:00:00', 'HADIR'),
	(668, 4, '2020-11-24', '08:00:00', '16:00:00', 'HADIR'),
	(669, 4, '2020-11-25', '08:00:00', '16:00:00', 'HADIR'),
	(670, 4, '2020-11-26', '08:00:00', '16:00:00', 'HADIR'),
	(671, 4, '2020-11-27', '08:00:00', '16:00:00', 'HADIR'),
	(672, 4, '2020-11-28', NULL, NULL, 'AKHIR PEKAN'),
	(673, 4, '2020-11-29', NULL, NULL, 'AKHIR PEKAN'),
	(674, 4, '2020-11-30', '08:00:00', '16:00:00', 'HADIR'),
	(675, 4, '2020-12-01', '08:00:00', '16:00:00', 'HADIR'),
	(676, 4, '2020-12-02', '08:00:00', '16:00:00', 'HADIR'),
	(677, 4, '2020-12-03', '08:00:00', '16:00:00', 'HADIR'),
	(678, 4, '2020-12-04', '08:00:00', '16:00:00', 'HADIR'),
	(679, 4, '2020-12-05', NULL, NULL, 'AKHIR PEKAN'),
	(680, 4, '2020-12-06', NULL, NULL, 'AKHIR PEKAN'),
	(681, 4, '2020-12-07', '08:00:00', '16:00:00', 'HADIR'),
	(682, 4, '2020-12-08', '08:00:00', '16:00:00', 'HADIR'),
	(683, 4, '2020-12-09', NULL, NULL, 'LIBUR NASIONAL'),
	(684, 4, '2020-12-10', '08:00:00', '16:00:00', 'HADIR'),
	(685, 4, '2020-12-11', '08:00:00', '16:00:00', 'HADIR'),
	(686, 4, '2020-12-12', NULL, NULL, 'AKHIR PEKAN'),
	(687, 4, '2020-12-13', NULL, NULL, 'AKHIR PEKAN'),
	(688, 4, '2020-12-14', '08:00:00', '16:00:00', 'HADIR'),
	(689, 4, '2020-12-15', '08:00:00', '16:00:00', 'HADIR'),
	(690, 4, '2020-12-16', '08:00:00', '16:00:00', 'HADIR'),
	(691, 4, '2020-12-17', NULL, NULL, 'SAKIT'),
	(692, 4, '2020-12-18', '08:00:00', '16:00:00', 'HADIR'),
	(693, 4, '2020-12-19', NULL, NULL, 'AKHIR PEKAN'),
	(694, 4, '2020-12-20', NULL, NULL, 'AKHIR PEKAN'),
	(695, 4, '2020-12-21', '08:00:00', '16:00:00', 'HADIR'),
	(696, 4, '2020-12-22', '08:00:00', '16:00:00', 'HADIR'),
	(697, 4, '2020-12-23', '08:00:00', '16:00:00', 'HADIR'),
	(698, 4, '2020-12-24', NULL, NULL, 'LIBUR NASIONAL'),
	(699, 4, '2020-12-25', NULL, NULL, 'LIBUR NASIONAL'),
	(700, 4, '2020-12-26', NULL, NULL, 'AKHIR PEKAN'),
	(701, 4, '2020-12-27', NULL, NULL, 'AKHIR PEKAN'),
	(702, 4, '2020-12-28', '08:00:00', '16:00:00', 'HADIR'),
	(703, 4, '2020-12-29', '08:50:00', '16:00:00', 'HADIR'),
	(704, 4, '2020-12-30', '08:00:00', '16:00:00', 'HADIR'),
	(705, 4, '2020-12-31', '08:00:00', '16:00:00', 'HADIR'),
	(706, 4, '2021-01-01', NULL, NULL, 'LIBUR NASIONAL'),
	(707, 4, '2021-01-02', NULL, NULL, 'AKHIR PEKAN'),
	(708, 4, '2021-01-03', NULL, NULL, 'AKHIR PEKAN'),
	(709, 4, '2021-01-04', '08:00:00', '16:00:00', 'HADIR'),
	(710, 4, '2021-01-05', '08:00:00', '16:00:00', 'HADIR'),
	(711, 4, '2021-01-06', '08:00:00', '16:00:00', 'HADIR'),
	(712, 4, '2021-01-07', '08:00:00', '16:00:00', 'HADIR'),
	(713, 4, '2021-01-08', '08:00:00', '16:00:00', 'HADIR'),
	(714, 4, '2021-01-09', NULL, NULL, 'AKHIR PEKAN'),
	(715, 4, '2021-01-10', NULL, NULL, 'AKHIR PEKAN'),
	(716, 4, '2021-01-11', '08:00:00', '16:00:00', 'HADIR'),
	(717, 4, '2021-01-12', '08:00:00', '16:00:00', 'HADIR'),
	(718, 4, '2021-01-13', '08:00:00', '16:00:00', 'HADIR'),
	(719, 4, '2021-01-14', '08:00:00', '16:00:00', 'HADIR'),
	(720, 4, '2021-01-15', '08:00:00', '16:00:00', 'HADIR'),
	(721, 4, '2021-01-16', NULL, NULL, 'AKHIR PEKAN'),
	(722, 4, '2021-01-17', NULL, NULL, 'AKHIR PEKAN'),
	(723, 4, '2021-01-18', '08:00:00', '16:00:00', 'HADIR'),
	(724, 4, '2021-01-19', '08:00:00', '16:00:00', 'HADIR'),
	(725, 4, '2021-01-20', '08:00:00', '16:00:00', 'HADIR'),
	(726, 4, '2021-01-21', NULL, NULL, 'IZIN'),
	(727, 4, '2021-01-22', '08:00:00', '16:00:00', 'HADIR'),
	(728, 4, '2021-01-23', NULL, NULL, 'AKHIR PEKAN'),
	(729, 4, '2021-01-24', NULL, NULL, 'AKHIR PEKAN'),
	(730, 4, '2021-01-25', '08:00:00', '16:00:00', 'HADIR'),
	(731, 4, '2021-01-26', '08:00:00', '16:00:00', 'HADIR'),
	(732, 4, '2021-01-27', '08:40:00', '16:00:00', 'HADIR'),
	(733, 4, '2021-01-28', '08:00:00', '16:00:00', 'HADIR'),
	(734, 4, '2021-01-29', '08:00:00', '16:00:00', 'HADIR'),
	(735, 4, '2021-01-30', NULL, NULL, 'AKHIR PEKAN'),
	(736, 4, '2021-01-31', NULL, NULL, 'AKHIR PEKAN'),
	(737, 5, '2020-11-01', NULL, NULL, 'AKHIR PEKAN'),
	(738, 5, '2020-11-02', '08:00:00', '16:00:00', 'HADIR'),
	(739, 5, '2020-11-03', '08:00:00', '16:00:00', 'HADIR'),
	(740, 5, '2020-11-04', '08:00:00', '16:00:00', 'HADIR'),
	(741, 5, '2020-11-05', '08:00:00', '16:00:00', 'HADIR'),
	(742, 5, '2020-11-06', '08:35:00', '16:00:00', 'HADIR'),
	(743, 5, '2020-11-07', NULL, NULL, 'AKHIR PEKAN'),
	(744, 5, '2020-11-08', NULL, NULL, 'AKHIR PEKAN'),
	(745, 5, '2020-11-09', '08:00:00', '16:00:00', 'HADIR'),
	(746, 5, '2020-11-10', NULL, NULL, 'LIBUR NASIONAL'),
	(747, 5, '2020-11-11', '08:00:00', '16:00:00', 'HADIR'),
	(748, 5, '2020-11-12', '08:00:00', '16:00:00', 'HADIR'),
	(749, 5, '2020-11-13', '08:00:00', '16:00:00', 'HADIR'),
	(750, 5, '2020-11-14', NULL, NULL, 'AKHIR PEKAN'),
	(751, 5, '2020-11-15', NULL, NULL, 'AKHIR PEKAN'),
	(752, 5, '2020-11-16', '08:00:00', '16:00:00', 'HADIR'),
	(753, 5, '2020-11-17', '08:00:00', '16:00:00', 'HADIR'),
	(754, 5, '2020-11-18', '08:35:00', '16:00:00', 'HADIR'),
	(755, 5, '2020-11-19', '08:00:00', '16:00:00', 'HADIR'),
	(756, 5, '2020-11-20', '08:00:00', '16:00:00', 'HADIR'),
	(757, 5, '2020-11-21', NULL, NULL, 'AKHIR PEKAN'),
	(758, 5, '2020-11-22', NULL, NULL, 'AKHIR PEKAN'),
	(759, 5, '2020-11-23', '08:00:00', '16:00:00', 'HADIR'),
	(760, 5, '2020-11-24', '08:00:00', '16:00:00', 'HADIR'),
	(761, 5, '2020-11-25', NULL, NULL, 'SAKIT'),
	(762, 5, '2020-11-26', '08:00:00', '16:00:00', 'HADIR'),
	(763, 5, '2020-11-27', '08:00:00', '16:00:00', 'HADIR'),
	(764, 5, '2020-11-28', NULL, NULL, 'AKHIR PEKAN'),
	(765, 5, '2020-11-29', NULL, NULL, 'AKHIR PEKAN'),
	(766, 5, '2020-11-30', '08:00:00', '16:00:00', 'HADIR'),
	(767, 5, '2020-12-01', '08:00:00', '16:00:00', 'HADIR'),
	(768, 5, '2020-12-02', '08:00:00', '16:00:00', 'HADIR'),
	(769, 5, '2020-12-03', '08:00:00', '16:00:00', 'HADIR'),
	(770, 5, '2020-12-04', '08:00:00', '16:00:00', 'HADIR'),
	(771, 5, '2020-12-05', NULL, NULL, 'AKHIR PEKAN'),
	(772, 5, '2020-12-06', NULL, NULL, 'AKHIR PEKAN'),
	(773, 5, '2020-12-07', '08:00:00', '16:00:00', 'HADIR'),
	(774, 5, '2020-12-08', '08:00:00', '16:00:00', 'HADIR'),
	(775, 5, '2020-12-09', NULL, NULL, 'LIBUR NASIONAL'),
	(776, 5, '2020-12-10', '08:00:00', '16:00:00', 'HADIR'),
	(777, 5, '2020-12-11', '08:00:00', '16:00:00', 'HADIR'),
	(778, 5, '2020-12-12', NULL, NULL, 'AKHIR PEKAN'),
	(779, 5, '2020-12-13', NULL, NULL, 'AKHIR PEKAN'),
	(780, 5, '2020-12-14', '08:00:00', '16:00:00', 'HADIR'),
	(781, 5, '2020-12-15', '08:00:00', '16:00:00', 'HADIR'),
	(782, 5, '2020-12-16', '08:00:00', '16:00:00', 'HADIR'),
	(783, 5, '2020-12-17', '08:00:00', '16:00:00', 'HADIR'),
	(784, 5, '2020-12-18', '08:00:00', '16:00:00', 'HADIR'),
	(785, 5, '2020-12-19', NULL, NULL, 'AKHIR PEKAN'),
	(786, 5, '2020-12-20', NULL, NULL, 'AKHIR PEKAN'),
	(787, 5, '2020-12-21', '08:00:00', '16:00:00', 'HADIR'),
	(788, 5, '2020-12-22', '08:00:00', '16:00:00', 'HADIR'),
	(789, 5, '2020-12-23', '08:00:00', '16:00:00', 'HADIR'),
	(790, 5, '2020-12-24', NULL, NULL, 'LIBUR NASIONAL'),
	(791, 5, '2020-12-25', NULL, NULL, 'LIBUR NASIONAL'),
	(792, 5, '2020-12-26', NULL, NULL, 'AKHIR PEKAN'),
	(793, 5, '2020-12-27', NULL, NULL, 'AKHIR PEKAN'),
	(794, 5, '2020-12-28', '08:00:00', '16:00:00', 'HADIR'),
	(795, 5, '2020-12-29', '08:00:00', '16:00:00', 'HADIR'),
	(796, 5, '2020-12-30', '08:00:00', '16:00:00', 'HADIR'),
	(797, 5, '2020-12-31', '08:00:00', '16:00:00', 'HADIR'),
	(798, 5, '2021-01-01', NULL, NULL, 'LIBUR NASIONAL'),
	(799, 5, '2021-01-02', NULL, NULL, 'AKHIR PEKAN'),
	(800, 5, '2021-01-03', NULL, NULL, 'AKHIR PEKAN'),
	(801, 5, '2021-01-04', '08:00:00', '16:00:00', 'HADIR'),
	(802, 5, '2021-01-05', '08:00:00', '16:00:00', 'HADIR'),
	(803, 5, '2021-01-06', NULL, NULL, 'IZIN'),
	(804, 5, '2021-01-07', '08:00:00', '16:00:00', 'HADIR'),
	(805, 5, '2021-01-08', '08:00:00', '16:00:00', 'HADIR'),
	(806, 5, '2021-01-09', NULL, NULL, 'AKHIR PEKAN'),
	(807, 5, '2021-01-10', NULL, NULL, 'AKHIR PEKAN'),
	(808, 5, '2021-01-11', '08:00:00', '16:00:00', 'HADIR'),
	(809, 5, '2021-01-12', '08:00:00', '16:00:00', 'HADIR'),
	(810, 5, '2021-01-13', '08:00:00', '16:00:00', 'HADIR'),
	(811, 5, '2021-01-14', '08:00:00', '16:00:00', 'HADIR'),
	(812, 5, '2021-01-15', '08:00:00', '16:00:00', 'HADIR'),
	(813, 5, '2021-01-16', NULL, NULL, 'AKHIR PEKAN'),
	(814, 5, '2021-01-17', NULL, NULL, 'AKHIR PEKAN'),
	(815, 5, '2021-01-18', '08:00:00', '16:00:00', 'HADIR'),
	(816, 5, '2021-01-19', '08:00:00', '16:00:00', 'HADIR'),
	(817, 5, '2021-01-20', '08:00:00', '16:00:00', 'HADIR'),
	(818, 5, '2021-01-21', '08:00:00', '16:00:00', 'HADIR'),
	(819, 5, '2021-01-22', '08:00:00', '16:00:00', 'HADIR'),
	(820, 5, '2021-01-23', NULL, NULL, 'AKHIR PEKAN'),
	(821, 5, '2021-01-24', NULL, NULL, 'AKHIR PEKAN'),
	(822, 5, '2021-01-25', '08:00:00', '16:00:00', 'HADIR'),
	(823, 5, '2021-01-26', NULL, NULL, 'SAKIT'),
	(824, 5, '2021-01-27', NULL, NULL, 'SAKIT'),
	(825, 5, '2021-01-28', '08:00:00', '16:00:00', 'HADIR'),
	(826, 5, '2021-01-29', '08:00:00', '16:00:00', 'HADIR'),
	(827, 5, '2021-01-30', NULL, NULL, 'AKHIR PEKAN'),
	(828, 5, '2021-01-31', NULL, NULL, 'AKHIR PEKAN'),
	(829, 6, '2020-11-01', NULL, NULL, 'AKHIR PEKAN'),
	(830, 6, '2020-11-02', '08:00:00', '16:00:00', 'HADIR'),
	(831, 6, '2020-11-03', '08:00:00', '16:00:00', 'HADIR'),
	(832, 6, '2020-11-04', '08:00:00', '16:00:00', 'HADIR'),
	(833, 6, '2020-11-05', '08:00:00', '16:00:00', 'HADIR'),
	(834, 6, '2020-11-06', '08:00:00', '16:00:00', 'HADIR'),
	(835, 6, '2020-11-07', NULL, NULL, 'AKHIR PEKAN'),
	(836, 6, '2020-11-08', NULL, NULL, 'AKHIR PEKAN'),
	(837, 6, '2020-11-09', '08:00:00', '16:00:00', 'HADIR'),
	(838, 6, '2020-11-10', NULL, NULL, 'LIBUR NASIONAL'),
	(839, 6, '2020-11-11', '08:00:00', '16:00:00', 'HADIR'),
	(840, 6, '2020-11-12', '08:00:00', '16:00:00', 'HADIR'),
	(841, 6, '2020-11-13', '08:00:00', '16:00:00', 'HADIR'),
	(842, 6, '2020-11-14', NULL, NULL, 'AKHIR PEKAN'),
	(843, 6, '2020-11-15', NULL, NULL, 'AKHIR PEKAN'),
	(844, 6, '2020-11-16', '08:00:00', '16:00:00', 'HADIR'),
	(845, 6, '2020-11-17', '08:00:00', '16:00:00', 'HADIR'),
	(846, 6, '2020-11-18', '08:00:00', '16:00:00', 'HADIR'),
	(847, 6, '2020-11-19', '08:00:00', '16:00:00', 'HADIR'),
	(848, 6, '2020-11-20', '08:00:00', '16:00:00', 'HADIR'),
	(849, 6, '2020-11-21', NULL, NULL, 'AKHIR PEKAN'),
	(850, 6, '2020-11-22', NULL, NULL, 'AKHIR PEKAN'),
	(851, 6, '2020-11-23', '08:00:00', '16:00:00', 'HADIR'),
	(852, 6, '2020-11-24', '08:00:00', '16:00:00', 'HADIR'),
	(853, 6, '2020-11-25', '08:00:00', '16:00:00', 'HADIR'),
	(854, 6, '2020-11-26', '08:00:00', '16:00:00', 'HADIR'),
	(855, 6, '2020-11-27', '08:00:00', '16:00:00', 'HADIR'),
	(856, 6, '2020-11-28', NULL, NULL, 'AKHIR PEKAN'),
	(857, 6, '2020-11-29', NULL, NULL, 'AKHIR PEKAN'),
	(858, 6, '2020-11-30', '08:00:00', '16:00:00', 'HADIR'),
	(859, 6, '2020-12-01', '08:00:00', '16:00:00', 'HADIR'),
	(860, 6, '2020-12-02', '08:00:00', '16:00:00', 'HADIR'),
	(861, 6, '2020-12-03', '08:00:00', '16:00:00', 'HADIR'),
	(862, 6, '2020-12-04', '08:00:00', '16:00:00', 'HADIR'),
	(863, 6, '2020-12-05', NULL, NULL, 'AKHIR PEKAN'),
	(864, 6, '2020-12-06', NULL, NULL, 'AKHIR PEKAN'),
	(865, 6, '2020-12-07', '08:00:00', '16:00:00', 'HADIR'),
	(866, 6, '2020-12-08', '08:00:00', '16:00:00', 'HADIR'),
	(867, 6, '2020-12-09', NULL, NULL, 'LIBUR NASIONAL'),
	(868, 6, '2020-12-10', '08:00:00', '16:00:00', 'HADIR'),
	(869, 6, '2020-12-11', '08:00:00', '16:00:00', 'HADIR'),
	(870, 6, '2020-12-12', NULL, NULL, 'AKHIR PEKAN'),
	(871, 6, '2020-12-13', NULL, NULL, 'AKHIR PEKAN'),
	(872, 6, '2020-12-14', '08:00:00', '16:00:00', 'HADIR'),
	(873, 6, '2020-12-15', '08:00:00', '16:00:00', 'HADIR'),
	(874, 6, '2020-12-16', '08:00:00', '16:00:00', 'HADIR'),
	(875, 6, '2020-12-17', '08:00:00', '16:00:00', 'HADIR'),
	(876, 6, '2020-12-18', '08:00:00', '16:00:00', 'HADIR'),
	(877, 6, '2020-12-19', NULL, NULL, 'AKHIR PEKAN'),
	(878, 6, '2020-12-20', NULL, NULL, 'AKHIR PEKAN'),
	(879, 6, '2020-12-21', '08:00:00', '16:00:00', 'HADIR'),
	(880, 6, '2020-12-22', '08:00:00', '16:00:00', 'HADIR'),
	(881, 6, '2020-12-23', '08:00:00', '16:00:00', 'HADIR'),
	(882, 6, '2020-12-24', NULL, NULL, 'LIBUR NASIONAL'),
	(883, 6, '2020-12-25', NULL, NULL, 'LIBUR NASIONAL'),
	(884, 6, '2020-12-26', NULL, NULL, 'AKHIR PEKAN'),
	(885, 6, '2020-12-27', NULL, NULL, 'AKHIR PEKAN'),
	(886, 6, '2020-12-28', '08:00:00', '16:00:00', 'HADIR'),
	(887, 6, '2020-12-29', '08:00:00', '16:00:00', 'HADIR'),
	(888, 6, '2020-12-30', '08:00:00', '16:00:00', 'HADIR'),
	(889, 6, '2020-12-31', '08:00:00', '16:00:00', 'HADIR'),
	(890, 6, '2021-01-01', NULL, NULL, 'LIBUR NASIONAL'),
	(891, 6, '2021-01-02', NULL, NULL, 'AKHIR PEKAN'),
	(892, 6, '2021-01-03', NULL, NULL, 'AKHIR PEKAN'),
	(893, 6, '2021-01-04', '08:00:00', '16:00:00', 'HADIR'),
	(894, 6, '2021-01-05', '08:00:00', '16:00:00', 'HADIR'),
	(895, 6, '2021-01-06', '08:00:00', '16:00:00', 'HADIR'),
	(896, 6, '2021-01-07', '08:00:00', '16:00:00', 'HADIR'),
	(897, 6, '2021-01-08', '08:00:00', '16:00:00', 'HADIR'),
	(898, 6, '2021-01-09', NULL, NULL, 'AKHIR PEKAN'),
	(899, 6, '2021-01-10', NULL, NULL, 'AKHIR PEKAN'),
	(900, 6, '2021-01-11', '08:00:00', '16:00:00', 'HADIR'),
	(901, 6, '2021-01-12', '08:00:00', '16:00:00', 'HADIR'),
	(902, 6, '2021-01-13', '08:00:00', '16:00:00', 'HADIR'),
	(903, 6, '2021-01-14', '08:00:00', '16:00:00', 'HADIR'),
	(904, 6, '2021-01-15', '08:00:00', '16:00:00', 'HADIR'),
	(905, 6, '2021-01-16', NULL, NULL, 'AKHIR PEKAN'),
	(906, 6, '2021-01-17', NULL, NULL, 'AKHIR PEKAN'),
	(907, 6, '2021-01-18', '08:00:00', '16:00:00', 'HADIR'),
	(908, 6, '2021-01-19', '08:00:00', '16:00:00', 'HADIR'),
	(909, 6, '2021-01-20', '08:00:00', '16:00:00', 'HADIR'),
	(910, 6, '2021-01-21', '08:00:00', '16:00:00', 'HADIR'),
	(911, 6, '2021-01-22', '08:00:00', '16:00:00', 'HADIR'),
	(912, 6, '2021-01-23', NULL, NULL, 'AKHIR PEKAN'),
	(913, 6, '2021-01-24', NULL, NULL, 'AKHIR PEKAN'),
	(914, 6, '2021-01-25', '08:00:00', '16:00:00', 'HADIR'),
	(915, 6, '2021-01-26', '08:00:00', '16:00:00', 'HADIR'),
	(916, 6, '2021-01-27', '08:00:00', '16:00:00', 'HADIR'),
	(917, 6, '2021-01-28', '08:00:00', '16:00:00', 'HADIR'),
	(918, 6, '2021-01-29', '08:00:00', '16:00:00', 'HADIR'),
	(919, 6, '2021-01-30', NULL, NULL, 'AKHIR PEKAN'),
	(920, 6, '2021-01-31', NULL, NULL, 'AKHIR PEKAN'),
	(921, 7, '2020-11-01', NULL, NULL, 'AKHIR PEKAN'),
	(922, 7, '2020-11-02', '08:00:00', '16:00:00', 'HADIR'),
	(923, 7, '2020-11-03', '08:35:00', '16:00:00', 'HADIR'),
	(924, 7, '2020-11-04', NULL, NULL, 'SAKIT'),
	(925, 7, '2020-11-05', '08:00:00', '16:00:00', 'HADIR'),
	(926, 7, '2020-11-06', '08:00:00', '16:00:00', 'HADIR'),
	(927, 7, '2020-11-07', NULL, NULL, 'AKHIR PEKAN'),
	(928, 7, '2020-11-08', NULL, NULL, 'AKHIR PEKAN'),
	(929, 7, '2020-11-09', '08:00:00', '16:00:00', 'HADIR'),
	(930, 7, '2020-11-10', NULL, NULL, 'LIBUR NASIONAL'),
	(931, 7, '2020-11-11', '08:00:00', '16:00:00', 'HADIR'),
	(932, 7, '2020-11-12', '08:00:00', '16:00:00', 'HADIR'),
	(933, 7, '2020-11-13', '08:00:00', '16:00:00', 'HADIR'),
	(934, 7, '2020-11-14', NULL, NULL, 'AKHIR PEKAN'),
	(935, 7, '2020-11-15', NULL, NULL, 'AKHIR PEKAN'),
	(936, 7, '2020-11-16', '08:00:00', '16:00:00', 'HADIR'),
	(937, 7, '2020-11-17', '08:00:00', '16:00:00', 'HADIR'),
	(938, 7, '2020-11-18', '08:45:00', '16:00:00', 'HADIR'),
	(939, 7, '2020-11-19', NULL, NULL, 'IZIN'),
	(940, 7, '2020-11-20', '08:00:00', '16:00:00', 'HADIR'),
	(941, 7, '2020-11-21', NULL, NULL, 'AKHIR PEKAN'),
	(942, 7, '2020-11-22', NULL, NULL, 'AKHIR PEKAN'),
	(943, 7, '2020-11-23', '08:00:00', '16:00:00', 'HADIR'),
	(944, 7, '2020-11-24', '08:00:00', '16:00:00', 'HADIR'),
	(945, 7, '2020-11-25', '08:00:00', '16:00:00', 'HADIR'),
	(946, 7, '2020-11-26', '08:00:00', '16:00:00', 'HADIR'),
	(947, 7, '2020-11-27', '08:00:00', '16:00:00', 'HADIR'),
	(948, 7, '2020-11-28', NULL, NULL, 'AKHIR PEKAN'),
	(949, 7, '2020-11-29', NULL, NULL, 'AKHIR PEKAN'),
	(950, 7, '2020-11-30', '08:00:00', '16:00:00', 'HADIR'),
	(951, 7, '2020-12-01', '08:00:00', '16:00:00', 'HADIR'),
	(952, 7, '2020-12-02', '08:00:00', '16:00:00', 'HADIR'),
	(953, 7, '2020-12-03', '08:00:00', '16:00:00', 'HADIR'),
	(954, 7, '2020-12-04', '08:00:00', '16:00:00', 'HADIR'),
	(955, 7, '2020-12-05', NULL, NULL, 'AKHIR PEKAN'),
	(956, 7, '2020-12-06', NULL, NULL, 'AKHIR PEKAN'),
	(957, 7, '2020-12-07', '08:00:00', '16:00:00', 'HADIR'),
	(958, 7, '2020-12-08', '08:00:00', '16:00:00', 'HADIR'),
	(959, 7, '2020-12-09', NULL, NULL, 'LIBUR NASIONAL'),
	(960, 7, '2020-12-10', '08:00:00', '16:00:00', 'HADIR'),
	(961, 7, '2020-12-11', '08:00:00', '16:00:00', 'HADIR'),
	(962, 7, '2020-12-12', NULL, NULL, 'AKHIR PEKAN'),
	(963, 7, '2020-12-13', NULL, NULL, 'AKHIR PEKAN'),
	(964, 7, '2020-12-14', '08:00:00', '16:00:00', 'HADIR'),
	(965, 7, '2020-12-15', '08:00:00', '16:00:00', 'HADIR'),
	(966, 7, '2020-12-16', '08:00:00', '16:00:00', 'HADIR'),
	(967, 7, '2020-12-17', NULL, NULL, 'SAKIT'),
	(968, 7, '2020-12-18', '08:00:00', '16:00:00', 'HADIR'),
	(969, 7, '2020-12-19', NULL, NULL, 'AKHIR PEKAN'),
	(970, 7, '2020-12-20', NULL, NULL, 'AKHIR PEKAN'),
	(971, 7, '2020-12-21', '08:00:00', '16:00:00', 'HADIR'),
	(972, 7, '2020-12-22', '08:00:00', '16:00:00', 'HADIR'),
	(973, 7, '2020-12-23', '08:00:00', '16:00:00', 'HADIR'),
	(974, 7, '2020-12-24', NULL, NULL, 'LIBUR NASIONAL'),
	(975, 7, '2020-12-25', NULL, NULL, 'LIBUR NASIONAL'),
	(976, 7, '2020-12-26', NULL, NULL, 'AKHIR PEKAN'),
	(977, 7, '2020-12-27', NULL, NULL, 'AKHIR PEKAN'),
	(978, 7, '2020-12-28', '08:00:00', '16:00:00', 'HADIR'),
	(979, 7, '2020-12-29', '08:50:00', '16:00:00', 'HADIR'),
	(980, 7, '2020-12-30', '08:00:00', '16:00:00', 'HADIR'),
	(981, 7, '2020-12-31', '08:00:00', '16:00:00', 'HADIR'),
	(982, 7, '2021-01-01', NULL, NULL, 'LIBUR NASIONAL'),
	(983, 7, '2021-01-02', NULL, NULL, 'AKHIR PEKAN'),
	(984, 7, '2021-01-03', NULL, NULL, 'AKHIR PEKAN'),
	(985, 7, '2021-01-04', '08:55:00', '16:00:00', 'HADIR'),
	(986, 7, '2021-01-05', '08:00:00', '16:00:00', 'HADIR'),
	(987, 7, '2021-01-06', '08:00:00', '16:00:00', 'HADIR'),
	(988, 7, '2021-01-07', '08:00:00', '16:00:00', 'HADIR'),
	(989, 7, '2021-01-08', '08:00:00', '16:00:00', 'HADIR'),
	(990, 7, '2021-01-09', NULL, NULL, 'AKHIR PEKAN'),
	(991, 7, '2021-01-10', NULL, NULL, 'AKHIR PEKAN'),
	(992, 7, '2021-01-11', '08:00:00', '16:00:00', 'HADIR'),
	(993, 7, '2021-01-12', '08:00:00', '16:00:00', 'HADIR'),
	(994, 7, '2021-01-13', '08:00:00', '16:00:00', 'HADIR'),
	(995, 7, '2021-01-14', '08:00:00', '16:00:00', 'HADIR'),
	(996, 7, '2021-01-15', '08:00:00', '16:00:00', 'HADIR'),
	(997, 7, '2021-01-16', NULL, NULL, 'AKHIR PEKAN'),
	(998, 7, '2021-01-17', NULL, NULL, 'AKHIR PEKAN'),
	(999, 7, '2021-01-18', '08:00:00', '16:00:00', 'HADIR'),
	(1000, 7, '2021-01-19', '08:00:00', '16:00:00', 'HADIR'),
	(1001, 7, '2021-01-20', '08:00:00', '16:00:00', 'HADIR'),
	(1002, 7, '2021-01-21', NULL, NULL, 'IZIN'),
	(1003, 7, '2021-01-22', '08:00:00', '16:00:00', 'HADIR'),
	(1004, 7, '2021-01-23', NULL, NULL, 'AKHIR PEKAN'),
	(1005, 7, '2021-01-24', NULL, NULL, 'AKHIR PEKAN'),
	(1006, 7, '2021-01-25', '08:00:00', '16:00:00', 'HADIR'),
	(1007, 7, '2021-01-26', '08:00:00', '16:00:00', 'HADIR'),
	(1008, 7, '2021-01-27', '08:40:00', '16:00:00', 'HADIR'),
	(1009, 7, '2021-01-28', '08:00:00', '16:00:00', 'HADIR'),
	(1010, 7, '2021-01-29', '08:00:00', '16:00:00', 'HADIR'),
	(1011, 7, '2021-01-30', NULL, NULL, 'AKHIR PEKAN'),
	(1012, 7, '2021-01-31', NULL, NULL, 'AKHIR PEKAN'),
	(1013, 8, '2020-11-01', NULL, NULL, 'AKHIR PEKAN'),
	(1014, 8, '2020-11-02', '08:00:00', '16:00:00', 'HADIR'),
	(1015, 8, '2020-11-03', '08:00:00', '16:00:00', 'HADIR'),
	(1016, 8, '2020-11-04', '08:00:00', '16:00:00', 'HADIR'),
	(1017, 8, '2020-11-05', '08:00:00', '16:00:00', 'HADIR'),
	(1018, 8, '2020-11-06', '08:35:00', '16:00:00', 'HADIR'),
	(1019, 8, '2020-11-07', NULL, NULL, 'AKHIR PEKAN'),
	(1020, 8, '2020-11-08', NULL, NULL, 'AKHIR PEKAN'),
	(1021, 8, '2020-11-09', '08:00:00', '16:00:00', 'HADIR'),
	(1022, 8, '2020-11-10', NULL, NULL, 'LIBUR NASIONAL'),
	(1023, 8, '2020-11-11', '08:00:00', '16:00:00', 'HADIR'),
	(1024, 8, '2020-11-12', '08:00:00', '16:00:00', 'HADIR'),
	(1025, 8, '2020-11-13', '08:00:00', '16:00:00', 'HADIR'),
	(1026, 8, '2020-11-14', NULL, NULL, 'AKHIR PEKAN'),
	(1027, 8, '2020-11-15', NULL, NULL, 'AKHIR PEKAN'),
	(1028, 8, '2020-11-16', '08:00:00', '16:00:00', 'HADIR'),
	(1029, 8, '2020-11-17', '08:00:00', '16:00:00', 'HADIR'),
	(1030, 8, '2020-11-18', '08:35:00', '16:00:00', 'HADIR'),
	(1031, 8, '2020-11-19', '08:00:00', '16:00:00', 'HADIR'),
	(1032, 8, '2020-11-20', '08:00:00', '16:00:00', 'HADIR'),
	(1033, 8, '2020-11-21', NULL, NULL, 'AKHIR PEKAN'),
	(1034, 8, '2020-11-22', NULL, NULL, 'AKHIR PEKAN'),
	(1035, 8, '2020-11-23', '08:00:00', '16:00:00', 'HADIR'),
	(1036, 8, '2020-11-24', '08:00:00', '16:00:00', 'HADIR'),
	(1037, 8, '2020-11-25', NULL, NULL, 'IZIN'),
	(1038, 8, '2020-11-26', '08:00:00', '16:00:00', 'HADIR'),
	(1039, 8, '2020-11-27', '08:00:00', '16:00:00', 'HADIR'),
	(1040, 8, '2020-11-28', NULL, NULL, 'AKHIR PEKAN'),
	(1041, 8, '2020-11-29', NULL, NULL, 'AKHIR PEKAN'),
	(1042, 8, '2020-11-30', '08:00:00', '16:00:00', 'HADIR'),
	(1043, 8, '2020-12-01', '08:00:00', '16:00:00', 'HADIR'),
	(1044, 8, '2020-12-02', NULL, NULL, 'CUTI'),
	(1045, 8, '2020-12-03', NULL, NULL, 'CUTI'),
	(1046, 8, '2020-12-04', '08:00:00', '16:00:00', 'HADIR'),
	(1047, 8, '2020-12-05', NULL, NULL, 'AKHIR PEKAN'),
	(1048, 8, '2020-12-06', NULL, NULL, 'AKHIR PEKAN'),
	(1049, 8, '2020-12-07', '08:00:00', '16:00:00', 'HADIR'),
	(1050, 8, '2020-12-08', '08:00:00', '16:00:00', 'HADIR'),
	(1051, 8, '2020-12-09', NULL, NULL, 'LIBUR NASIONAL'),
	(1052, 8, '2020-12-10', '08:00:00', '16:00:00', 'HADIR'),
	(1053, 8, '2020-12-11', '08:00:00', '16:00:00', 'HADIR'),
	(1054, 8, '2020-12-12', NULL, NULL, 'AKHIR PEKAN'),
	(1055, 8, '2020-12-13', NULL, NULL, 'AKHIR PEKAN'),
	(1056, 8, '2020-12-14', '08:37:00', '16:00:00', 'HADIR'),
	(1057, 8, '2020-12-15', '08:00:00', '16:00:00', 'HADIR'),
	(1058, 8, '2020-12-16', '08:00:00', '16:00:00', 'HADIR'),
	(1059, 8, '2020-12-17', '08:00:00', '16:00:00', 'HADIR'),
	(1060, 8, '2020-12-18', '08:00:00', '16:00:00', 'HADIR'),
	(1061, 8, '2020-12-19', NULL, NULL, 'AKHIR PEKAN'),
	(1062, 8, '2020-12-20', NULL, NULL, 'AKHIR PEKAN'),
	(1063, 8, '2020-12-21', '08:00:00', '16:00:00', 'HADIR'),
	(1064, 8, '2020-12-22', '08:00:00', '16:00:00', 'HADIR'),
	(1065, 8, '2020-12-23', '08:00:00', '16:00:00', 'HADIR'),
	(1066, 8, '2020-12-24', NULL, NULL, 'LIBUR NASIONAL'),
	(1067, 8, '2020-12-25', NULL, NULL, 'LIBUR NASIONAL'),
	(1068, 8, '2020-12-26', NULL, NULL, 'AKHIR PEKAN'),
	(1069, 8, '2020-12-27', NULL, NULL, 'AKHIR PEKAN'),
	(1070, 8, '2020-12-28', '08:00:00', '16:00:00', 'HADIR'),
	(1071, 8, '2020-12-29', '08:00:00', '16:00:00', 'HADIR'),
	(1072, 8, '2020-12-30', '08:35:00', '16:00:00', 'HADIR'),
	(1073, 8, '2020-12-31', '08:00:00', '16:00:00', 'HADIR'),
	(1074, 8, '2021-01-01', NULL, NULL, 'LIBUR NASIONAL'),
	(1075, 8, '2021-01-02', NULL, NULL, 'AKHIR PEKAN'),
	(1076, 8, '2021-01-03', NULL, NULL, 'AKHIR PEKAN'),
	(1077, 8, '2021-01-04', '08:00:00', '16:00:00', 'HADIR'),
	(1078, 8, '2021-01-05', '08:00:00', '16:00:00', 'HADIR'),
	(1079, 8, '2021-01-06', NULL, NULL, 'IZIN'),
	(1080, 8, '2021-01-07', '08:00:00', '16:00:00', 'HADIR'),
	(1081, 8, '2021-01-08', '08:00:00', '16:00:00', 'HADIR'),
	(1082, 8, '2021-01-09', NULL, NULL, 'AKHIR PEKAN'),
	(1083, 8, '2021-01-10', NULL, NULL, 'AKHIR PEKAN'),
	(1084, 8, '2021-01-11', '08:00:00', '16:00:00', 'HADIR'),
	(1085, 8, '2021-01-12', '08:00:00', '16:00:00', 'HADIR'),
	(1086, 8, '2021-01-13', '08:00:00', '16:00:00', 'HADIR'),
	(1087, 8, '2021-01-14', '08:00:00', '16:00:00', 'HADIR'),
	(1088, 8, '2021-01-15', '08:00:00', '16:00:00', 'HADIR'),
	(1089, 8, '2021-01-16', NULL, NULL, 'AKHIR PEKAN'),
	(1090, 8, '2021-01-17', NULL, NULL, 'AKHIR PEKAN'),
	(1091, 8, '2021-01-18', '08:00:00', '16:00:00', 'HADIR'),
	(1092, 8, '2021-01-19', '08:00:00', '16:00:00', 'HADIR'),
	(1093, 8, '2021-01-20', '08:00:00', '16:00:00', 'HADIR'),
	(1094, 8, '2021-01-21', '08:00:00', '16:00:00', 'HADIR'),
	(1095, 8, '2021-01-22', '08:00:00', '16:00:00', 'HADIR'),
	(1096, 8, '2021-01-23', NULL, NULL, 'AKHIR PEKAN'),
	(1097, 8, '2021-01-24', NULL, NULL, 'AKHIR PEKAN'),
	(1098, 8, '2021-01-25', '08:00:00', '16:00:00', 'HADIR'),
	(1099, 8, '2021-01-26', NULL, NULL, 'SAKIT'),
	(1100, 8, '2021-01-27', NULL, NULL, 'SAKIT'),
	(1101, 8, '2021-01-28', '08:00:00', '16:00:00', 'HADIR'),
	(1102, 8, '2021-01-29', '08:00:00', '16:00:00', 'HADIR'),
	(1103, 8, '2021-01-30', NULL, NULL, 'AKHIR PEKAN'),
	(1104, 8, '2021-01-31', NULL, NULL, 'AKHIR PEKAN');
/*!40000 ALTER TABLE `presensi` ENABLE KEYS */;

/*!40101 SET SQL_MODE=IFNULL(@OLD_SQL_MODE, '') */;
/*!40014 SET FOREIGN_KEY_CHECKS=IFNULL(@OLD_FOREIGN_KEY_CHECKS, 1) */;
/*!40101 SET CHARACTER_SET_CLIENT=@OLD_CHARACTER_SET_CLIENT */;
/*!40111 SET SQL_NOTES=IFNULL(@OLD_SQL_NOTES, 1) */;
